,월소득액,공제비율,세후_소득액,주거·수도·광열,정보통신,오락·문화,음식·숙박,월이자율,월상환액,남은현금,대출금,전세금,거주지,m^2,평수
0,360,11.01%,320,41.0,13.0,17.0,33.0,16.02%,58,158.0,17287,33389.0,오피스텔,52.5,15.9
1,287,10.6%,257,40.0,13.0,8.0,36.0,14.16%,41,119.0,12198,19833.0,오피스텔,37.5,11.3
2,264,10.51%,237,31.0,11.0,4.0,15.0,16.95%,45,131.0,13441,18027.0,오피스텔,22.5,6.8
3,255,10.47%,228,30.0,12.0,7.0,21.0,13.21%,34,124.0,10088,20924.0,오피스텔,7.5,2.3
4,456,11.56%,403,31.0,11.0,5.0,28.0,14.3%,65,263.0,19567,26526.0,오피스텔,37.5,11.3
5,321,10.78%,287,32.0,11.0,8.0,27.0,15.55%,50,159.0,14993,21824.0,오피스텔,37.5,11.3
6,251,10.45%,224,41.0,11.0,8.0,37.0,13.82%,35,92.0,10393,16007.0,오피스텔,7.5,2.3
7,189,10.0%,170,35.0,8.0,5.0,31.0,19.42%,37,54.0,11022,14430.0,오피스텔,7.5,2.3
8,384,11.15%,341,31.0,11.0,10.0,23.0,14.3%,55,211.0,16461,21663.0,오피스텔,37.5,11.3
9,239,10.41%,214,26.0,15.0,10.0,16.0,18.35%,44,103.0,13149,17794.0,오피스텔,22.5,6.8
10,343,10.91%,305,29.0,10.0,12.0,42.0,15.38%,53,159.0,15802,28975.0,오피스텔,37.5,11.3
11,403,11.27%,357,31.0,10.0,12.0,43.0,14.4%,58,203.0,17400,29078.0,오피스텔,37.5,11.3
12,263,10.5%,235,31.0,8.0,6.0,34.0,17.57%,46,110.0,13857,24737.0,오피스텔,37.5,11.3
13,445,11.5%,394,34.0,12.0,12.0,29.0,12.01%,53,254.0,16044,25947.0,오피스텔,37.5,11.3
14,346,10.93%,308,37.0,13.0,17.0,8.0,12.42%,43,190.0,12907,16474.0,오피스텔,22.5,6.8
15,392,11.2%,348,34.0,11.0,10.0,17.0,15.89%,62,214.0,18683,29781.0,오피스텔,52.5,15.9
16,289,10.6%,258,31.0,11.0,9.0,24.0,19.11%,55,128.0,16546,14659.0,오피스텔,37.5,11.3
17,261,10.49%,233,37.0,11.0,9.0,40.0,15.21%,40,96.0,11893,17256.0,오피스텔,22.5,6.8
18,320,10.77%,286,34.0,9.0,10.0,21.0,14.94%,48,164.0,14340,22510.0,오피스텔,37.5,11.3
19,165,10.0%,149,29.0,10.0,11.0,26.0,20.65%,34,39.0,10222,10101.0,오피스텔,7.5,2.3
20,170,10.0%,153,30.0,10.0,9.0,29.0,21.94%,37,38.0,11177,10101.0,오피스텔,7.5,2.3
21,351,10.95%,312,46.0,10.0,12.0,25.0,16.55%,58,161.0,17404,23316.0,오피스텔,37.5,11.3
22,120,10.0%,108,28.0,10.0,20.0,32.0,0.0%,0,18.0,0,0.0,해당없음,0.0,0.0
23,340,10.89%,303,33.0,9.0,14.0,39.0,17.67%,60,148.0,18044,23701.0,오피스텔,37.5,11.3
24,389,11.18%,345,32.0,12.0,5.0,33.0,14.36%,56,207.0,16758,16030.0,오피스텔,37.5,11.3
25,528,11.94%,465,36.0,8.0,11.0,27.0,13.08%,69,314.0,20718,28056.0,오피스텔,52.5,15.9
26,156,10.0%,141,31.0,7.0,15.0,26.0,23.68%,37,25.0,11109,14430.0,오피스텔,7.5,2.3
27,464,11.6%,410,28.0,9.0,15.0,17.0,13.4%,62,279.0,18663,20100.0,오피스텔,52.5,15.9
28,333,10.85%,297,34.0,8.0,11.0,30.0,19.37%,64,150.0,19349,27726.0,오피스텔,52.5,15.9
29,388,11.18%,345,31.0,7.0,14.0,33.0,14.31%,56,204.0,16661,18103.0,오피스텔,37.5,11.3
30,335,10.86%,299,31.0,11.0,12.0,34.0,12.36%,41,170.0,12431,18704.0,오피스텔,7.5,2.3
31,239,10.41%,215,39.0,11.0,6.0,38.0,15.98%,38,83.0,11480,14554.0,오피스텔,7.5,2.3
32,214,10.3%,192,29.0,12.0,8.0,44.0,13.69%,29,70.0,8772,14430.0,오피스텔,7.5,2.3
33,351,10.96%,313,39.0,13.0,10.0,26.0,16.66%,59,166.0,17567,16593.0,오피스텔,37.5,11.3
34,222,10.34%,199,33.0,9.0,11.0,36.0,17.01%,38,72.0,11328,14430.0,오피스텔,7.5,2.3
35,393,11.21%,349,36.0,12.0,10.0,48.0,16.09%,63,180.0,18953,29794.0,오피스텔,52.5,15.9
36,373,11.09%,331,25.0,9.0,11.0,30.0,14.56%,54,202.0,16268,33057.0,오피스텔,37.5,11.3
37,381,11.14%,339,37.0,9.0,8.0,17.0,21.09%,80,188.0,24123,36966.0,오피스텔,52.5,15.9
38,266,10.51%,238,30.0,10.0,6.0,38.0,15.63%,42,112.0,12478,14395.0,오피스텔,37.5,11.3
39,349,10.94%,311,30.0,10.0,11.0,22.0,16.42%,57,181.0,17171,23220.0,오피스텔,37.5,11.3
40,346,10.93%,308,36.0,12.0,15.0,19.0,18.69%,65,161.0,19396,29411.0,오피스텔,52.5,15.9
41,217,10.32%,195,36.0,11.0,12.0,72.0,17.38%,38,26.0,11326,10101.0,오피스텔,7.5,2.3
42,367,11.05%,327,39.0,11.0,14.0,31.0,20.33%,75,157.0,22391,33830.0,오피스텔,52.5,15.9
43,386,11.16%,343,30.0,10.0,10.0,29.0,15.18%,59,205.0,17569,15590.0,오피스텔,37.5,11.3
44,540,12.0%,475,21.0,11.0,5.0,27.0,16.31%,88,323.0,26440,38052.0,오피스텔,82.5,25.0
45,419,11.35%,371,35.0,9.0,8.0,37.0,20.77%,87,195.0,26085,33770.0,오피스텔,82.5,25.0
46,238,10.4%,213,34.0,12.0,9.0,57.0,15.55%,37,64.0,11095,14430.0,오피스텔,7.5,2.3
47,373,11.09%,332,24.0,12.0,8.0,40.0,19.91%,74,174.0,22306,48723.0,오피스텔,52.5,15.9
48,232,10.38%,208,27.0,12.0,14.0,23.0,18.49%,43,89.0,12854,20143.0,오피스텔,22.5,6.8
49,277,10.56%,248,36.0,9.0,18.0,33.0,11.47%,32,120.0,9535,18838.0,오피스텔,7.5,2.3
50,185,10.0%,167,40.0,12.0,13.0,19.0,18.68%,35,48.0,10379,14430.0,오피스텔,7.5,2.3
51,262,10.5%,235,40.0,11.0,11.0,44.0,12.22%,32,97.0,9616,10420.0,오피스텔,7.5,2.3
52,218,10.32%,196,31.0,6.0,6.0,29.0,13.75%,30,94.0,9006,17316.0,오피스텔,7.5,2.3
53,186,10.0%,168,29.0,8.0,7.0,33.0,15.87%,30,61.0,8880,20924.0,오피스텔,7.5,2.3
54,454,11.54%,401,30.0,13.0,12.0,20.0,15.61%,71,255.0,21235,28725.0,오피스텔,52.5,15.9
55,356,10.99%,317,35.0,9.0,9.0,26.0,17.47%,62,176.0,18674,40536.0,오피스텔,52.5,15.9
56,322,10.78%,287,34.0,14.0,6.0,49.0,12.53%,40,144.0,12094,11364.0,오피스텔,7.5,2.3
57,116,10.0%,105,36.0,11.0,13.0,23.0,0.0%,0,22.0,0,0.0,해당없음,0.0,0.0
58,290,10.61%,259,34.0,9.0,14.0,40.0,10.18%,29,133.0,8847,10101.0,오피스텔,7.5,2.3
59,242,10.42%,216,37.0,11.0,13.0,34.0,17.03%,41,80.0,12343,18616.0,오피스텔,22.5,6.8
60,228,10.36%,204,31.0,15.0,13.0,35.0,14.93%,34,76.0,10215,17316.0,오피스텔,7.5,2.3
61,322,10.78%,287,37.0,10.0,13.0,31.0,11.79%,38,158.0,11387,15019.0,오피스텔,7.5,2.3
62,289,10.61%,258,40.0,15.0,15.0,43.0,12.07%,35,110.0,10460,22851.0,오피스텔,7.5,2.3
63,312,10.72%,279,32.0,9.0,9.0,36.0,17.32%,54,139.0,16237,22390.0,오피스텔,37.5,11.3
64,320,10.77%,286,36.0,11.0,17.0,18.0,16.31%,52,152.0,15662,20152.0,오피스텔,37.5,11.3
65,190,10.0%,171,34.0,9.0,14.0,36.0,18.33%,35,43.0,10435,17316.0,오피스텔,7.5,2.3
66,309,10.71%,276,34.0,11.0,8.0,36.0,14.35%,44,143.0,13306,14405.0,오피스텔,37.5,11.3
67,296,10.63%,264,32.0,11.0,13.0,22.0,10.91%,32,154.0,9679,19202.0,오피스텔,7.5,2.3
68,229,10.36%,205,32.0,12.0,9.0,25.0,16.28%,37,90.0,11169,14430.0,오피스텔,7.5,2.3
69,333,10.85%,297,28.0,8.0,8.0,30.0,8.9%,30,193.0,8902,14732.0,오피스텔,7.5,2.3
70,341,10.9%,304,35.0,13.0,10.0,30.0,18.43%,63,153.0,18869,24349.0,오피스텔,37.5,11.3
71,211,10.29%,189,38.0,9.0,15.0,26.0,16.1%,34,67.0,10185,20924.0,오피스텔,7.5,2.3
72,362,11.02%,322,44.0,10.0,14.0,37.0,17.41%,63,154.0,18903,23994.0,오피스텔,37.5,11.3
73,271,10.53%,242,36.0,11.0,12.0,24.0,23.17%,63,96.0,18807,24754.0,오피스텔,37.5,11.3
74,313,10.73%,279,40.0,11.0,14.0,49.0,14.33%,45,120.0,13449,20184.0,오피스텔,22.5,6.8
75,234,10.39%,210,37.0,13.0,20.0,25.0,13.76%,32,83.0,9670,14430.0,오피스텔,7.5,2.3
76,227,10.36%,203,33.0,8.0,10.0,24.0,15.97%,36,92.0,10872,17316.0,오피스텔,7.5,2.3
77,325,10.8%,290,38.0,14.0,15.0,25.0,15.0%,49,149.0,14640,21518.0,오피스텔,37.5,11.3
78,221,10.33%,198,35.0,10.0,17.0,46.0,16.31%,36,54.0,10820,10882.0,오피스텔,7.5,2.3
79,264,10.51%,236,27.0,11.0,12.0,40.0,15.0%,40,106.0,11870,16361.0,오피스텔,22.5,6.8
80,152,10.0%,137,34.0,12.0,11.0,27.0,24.51%,37,16.0,11179,14430.0,오피스텔,7.5,2.3
81,372,11.08%,331,31.0,11.0,13.0,38.0,21.6%,80,158.0,24122,30273.0,오피스텔,52.5,15.9
82,381,11.14%,339,27.0,8.0,16.0,36.0,16.37%,62,190.0,18713,24830.0,오피스텔,37.5,11.3
83,236,10.39%,212,30.0,11.0,15.0,29.0,15.26%,36,91.0,10803,11064.0,오피스텔,7.5,2.3
84,515,11.88%,454,38.0,9.0,16.0,41.0,15.0%,77,273.0,23180,40650.0,오피스텔,82.5,25.0
85,446,11.5%,395,23.0,13.0,15.0,17.0,18.05%,81,246.0,24164,32326.0,오피스텔,52.5,15.9
86,193,10.0%,174,23.0,11.0,14.0,46.0,16.15%,31,49.0,9347,14430.0,오피스텔,7.5,2.3
87,318,10.76%,284,36.0,9.0,4.0,30.0,11.56%,37,168.0,11021,17715.0,오피스텔,22.5,6.8
88,349,10.94%,310,31.0,9.0,11.0,19.0,14.64%,51,189.0,15308,27379.0,오피스텔,37.5,11.3
89,377,11.11%,335,37.0,8.0,9.0,22.0,12.47%,47,212.0,14105,15018.0,오피스텔,37.5,11.3
90,304,10.68%,272,40.0,8.0,12.0,24.0,15.34%,47,141.0,13999,21235.0,오피스텔,37.5,11.3
91,232,10.38%,208,34.0,9.0,9.0,21.0,13.96%,32,103.0,9698,14996.0,오피스텔,7.5,2.3
92,506,11.83%,446,35.0,12.0,13.0,34.0,14.82%,75,277.0,22481,36951.0,오피스텔,82.5,25.0
93,288,10.6%,258,37.0,11.0,8.0,29.0,10.63%,31,142.0,9200,15243.0,오피스텔,7.5,2.3
94,283,10.58%,253,19.0,7.0,16.0,44.0,20.41%,58,109.0,17337,26086.0,오피스텔,37.5,11.3
95,286,10.59%,255,35.0,9.0,24.0,46.0,14.84%,42,99.0,12722,22268.0,오피스텔,22.5,6.8
96,298,10.64%,266,24.0,10.0,11.0,30.0,17.83%,53,138.0,15927,28237.0,오피스텔,37.5,11.3
97,169,10.0%,152,32.0,8.0,17.0,39.0,20.93%,35,21.0,10619,10101.0,오피스텔,7.5,2.3
98,310,10.71%,276,30.0,11.0,7.0,48.0,14.56%,45,135.0,13528,21018.0,오피스텔,37.5,11.3
99,364,11.03%,324,28.0,11.0,8.0,15.0,17.75%,65,197.0,19381,35574.0,오피스텔,37.5,11.3
100,402,11.26%,357,42.0,9.0,15.0,23.0,12.77%,51,217.0,15415,20356.0,오피스텔,37.5,11.3
101,262,10.5%,235,28.0,9.0,9.0,24.0,14.8%,39,126.0,11637,27308.0,오피스텔,22.5,6.8
102,337,10.87%,301,36.0,11.0,8.0,24.0,16.47%,56,166.0,16660,24374.0,오피스텔,37.5,11.3
103,385,11.16%,342,37.0,9.0,10.0,46.0,16.99%,65,175.0,19641,36708.0,오피스텔,37.5,11.3
104,145,10.0%,130,36.0,10.0,12.0,26.0,26.25%,38,8.0,11384,20924.0,오피스텔,7.5,2.3
105,131,10.0%,118,29.0,11.0,11.0,26.0,25.44%,33,8.0,10007,17316.0,오피스텔,7.5,2.3
106,374,11.09%,332,26.0,11.0,6.0,26.0,17.06%,64,199.0,19131,18530.0,오피스텔,37.5,11.3
107,315,10.74%,281,30.0,9.0,15.0,24.0,17.5%,55,148.0,16546,26123.0,오피스텔,37.5,11.3
108,393,11.21%,349,29.0,8.0,15.0,9.0,19.48%,77,211.0,22991,41763.0,오피스텔,52.5,15.9
109,231,10.38%,207,35.0,11.0,12.0,27.0,13.44%,31,91.0,9327,17316.0,오피스텔,7.5,2.3
110,319,10.76%,285,30.0,13.0,12.0,33.0,14.3%,46,151.0,13682,12146.0,오피스텔,22.5,6.8
111,269,10.53%,241,27.0,10.0,10.0,30.0,16.95%,46,118.0,13705,18776.0,오피스텔,22.5,6.8
112,339,10.89%,302,39.0,12.0,10.0,45.0,21.19%,72,124.0,21566,35867.0,오피스텔,52.5,15.9
113,270,10.53%,241,24.0,8.0,4.0,29.0,16.19%,44,132.0,13105,18653.0,오피스텔,22.5,6.8
114,312,10.72%,279,36.0,12.0,8.0,32.0,9.95%,31,160.0,9324,17316.0,오피스텔,7.5,2.3
115,91,10.0%,82,37.0,13.0,4.0,49.0,0.0%,0,0.0,0,0.0,해당없음,0.0,0.0
116,344,10.91%,306,27.0,11.0,18.0,32.0,14.02%,48,170.0,14469,33022.0,오피스텔,37.5,11.3
117,335,10.86%,299,30.0,11.0,13.0,31.0,12.32%,41,173.0,12383,13458.0,오피스텔,22.5,6.8
118,318,10.76%,283,35.0,9.0,12.0,44.0,12.88%,41,142.0,12271,13478.0,오피스텔,22.5,6.8
119,260,10.49%,232,35.0,9.0,8.0,34.0,14.16%,37,109.0,11034,10217.0,오피스텔,7.5,2.3
120,386,11.16%,343,34.0,11.0,15.0,37.0,18.02%,69,177.0,20842,45104.0,오피스텔,52.5,15.9
121,497,11.78%,438,28.0,10.0,4.0,36.0,10.21%,51,309.0,15220,24887.0,오피스텔,37.5,11.3
122,375,11.1%,334,36.0,9.0,7.0,60.0,13.61%,51,171.0,15326,13514.0,오피스텔,22.5,6.8
123,323,10.79%,288,29.0,10.0,15.0,43.0,14.58%,47,144.0,14141,18205.0,오피스텔,22.5,6.8
124,232,10.38%,208,34.0,12.0,16.0,36.0,16.29%,38,72.0,11335,14430.0,오피스텔,7.5,2.3
125,260,10.49%,232,28.0,10.0,13.0,41.0,14.8%,38,102.0,11529,17316.0,오피스텔,7.5,2.3
126,142,10.0%,128,36.0,9.0,9.0,23.0,21.46%,31,20.0,9160,17316.0,오피스텔,7.5,2.3
127,146,10.0%,131,35.0,10.0,6.0,22.0,22.37%,33,25.0,9802,17316.0,오피스텔,7.5,2.3
128,277,10.56%,248,37.0,10.0,6.0,36.0,13.05%,36,123.0,10846,10101.0,오피스텔,7.5,2.3
129,283,10.58%,253,21.0,10.0,10.0,39.0,18.32%,52,121.0,15574,30549.0,오피스텔,37.5,11.3
130,494,11.77%,436,40.0,11.0,6.0,67.0,11.61%,57,255.0,17204,27275.0,오피스텔,67.5,20.4
131,316,10.75%,282,32.0,12.0,12.0,31.0,21.11%,67,128.0,20032,26248.0,오피스텔,37.5,11.3
132,253,10.46%,227,32.0,11.0,8.0,26.0,14.81%,38,112.0,11263,12226.0,오피스텔,22.5,6.8
133,321,10.78%,286,33.0,15.0,1.0,42.0,12.68%,41,154.0,12206,13251.0,오피스텔,22.5,6.8
134,434,11.44%,385,25.0,10.0,11.0,21.0,15.19%,66,252.0,19785,19578.0,오피스텔,52.5,15.9
135,233,10.38%,209,29.0,12.0,12.0,41.0,15.7%,37,78.0,10979,15278.0,오피스텔,7.5,2.3
136,382,11.14%,340,28.0,10.0,13.0,23.0,14.28%,55,211.0,16374,22868.0,오피스텔,37.5,11.3
137,381,11.14%,339,37.0,11.0,13.0,32.0,13.57%,52,194.0,15523,17574.0,오피스텔,37.5,11.3
138,275,10.55%,246,40.0,8.0,13.0,36.0,15.71%,43,106.0,12943,16691.0,오피스텔,22.5,6.8
139,280,10.57%,250,34.0,8.0,15.0,28.0,19.1%,53,112.0,16028,29448.0,오피스텔,37.5,11.3
140,258,10.48%,231,35.0,10.0,5.0,18.0,11.65%,30,133.0,9032,10101.0,오피스텔,7.5,2.3
141,371,11.07%,330,28.0,13.0,3.0,46.0,17.76%,66,174.0,19749,25392.0,오피스텔,37.5,11.3
142,331,10.84%,295,33.0,11.0,11.0,35.0,19.28%,64,141.0,19162,24221.0,오피스텔,37.5,11.3
143,420,11.36%,372,38.0,12.0,9.0,28.0,20.16%,85,200.0,25401,39462.0,오피스텔,52.5,15.9
144,341,10.9%,304,23.0,8.0,16.0,27.0,14.3%,49,181.0,14627,19198.0,오피스텔,22.5,6.8
145,292,10.62%,261,35.0,11.0,8.0,22.0,12.37%,36,149.0,10838,21496.0,오피스텔,7.5,2.3
146,330,10.83%,294,32.0,12.0,5.0,45.0,13.83%,46,154.0,13686,19272.0,오피스텔,22.5,6.8
147,357,10.99%,318,29.0,10.0,19.0,37.0,13.83%,49,174.0,14831,24022.0,오피스텔,37.5,11.3
148,128,10.0%,115,27.0,9.0,13.0,37.0,0.0%,0,29.0,0,10101.0,오피스텔,7.5,2.3
149,238,10.4%,214,30.0,10.0,8.0,18.0,13.61%,32,116.0,9734,17316.0,오피스텔,7.5,2.3
150,219,10.32%,196,29.0,9.0,17.0,25.0,14.34%,31,85.0,9408,14430.0,오피스텔,7.5,2.3
151,572,12.16%,502,34.0,11.0,7.0,37.0,16.03%,92,321.0,27501,36929.0,오피스텔,82.5,25.0
152,253,10.46%,227,33.0,14.0,9.0,54.0,18.52%,47,70.0,14071,20126.0,오피스텔,37.5,11.3
153,241,10.41%,216,32.0,13.0,9.0,57.0,12.32%,30,75.0,8892,14430.0,오피스텔,7.5,2.3
154,381,11.13%,338,33.0,11.0,14.0,36.0,13.16%,50,194.0,15028,28001.0,오피스텔,37.5,11.3
155,154,10.0%,139,31.0,11.0,11.0,35.0,22.94%,35,16.0,10630,17316.0,오피스텔,7.5,2.3
156,328,10.82%,293,29.0,10.0,10.0,49.0,14.8%,49,146.0,14565,16572.0,오피스텔,37.5,11.3
157,418,11.35%,370,37.0,14.0,11.0,15.0,12.63%,53,240.0,15826,20547.0,오피스텔,37.5,11.3
158,353,10.97%,314,36.0,13.0,5.0,22.0,11.91%,42,196.0,12614,18045.0,오피스텔,22.5,6.8
159,415,11.33%,368,32.0,12.0,12.0,32.0,15.24%,63,217.0,18975,19081.0,오피스텔,67.5,20.4
160,404,11.27%,358,36.0,12.0,9.0,28.0,15.38%,62,211.0,18616,25910.0,오피스텔,37.5,11.3
161,280,10.57%,250,30.0,12.0,15.0,20.0,18.62%,52,121.0,15622,20423.0,오피스텔,37.5,11.3
162,292,10.62%,261,26.0,12.0,15.0,43.0,14.5%,42,123.0,12696,18961.0,오피스텔,22.5,6.8
163,163,10.0%,147,28.0,11.0,12.0,37.0,21.73%,35,24.0,10615,17316.0,오피스텔,7.5,2.3
164,259,10.49%,232,30.0,12.0,10.0,32.0,18.02%,47,101.0,14002,13744.0,오피스텔,37.5,11.3
165,455,11.55%,402,42.0,9.0,11.0,25.0,17.04%,77,238.0,23243,24901.0,오피스텔,82.5,25.0
166,177,10.0%,159,32.0,9.0,9.0,31.0,21.1%,37,41.0,11194,14430.0,오피스텔,7.5,2.3
167,334,10.85%,297,43.0,9.0,14.0,23.0,16.13%,54,154.0,16151,30836.0,오피스텔,37.5,11.3
168,305,10.68%,273,31.0,9.0,11.0,26.0,16.97%,52,144.0,15555,25512.0,오피스텔,37.5,11.3
169,359,11.01%,320,37.0,14.0,9.0,25.0,12.98%,47,188.0,13993,12719.0,오피스텔,22.5,6.8
170,249,10.44%,223,31.0,10.0,12.0,41.0,20.52%,51,78.0,15300,19781.0,오피스텔,37.5,11.3
171,254,10.46%,227,30.0,13.0,9.0,42.0,17.09%,43,90.0,13008,17539.0,오피스텔,22.5,6.8
172,331,10.83%,295,29.0,14.0,14.0,26.0,16.43%,54,158.0,16291,21229.0,오피스텔,37.5,11.3
173,272,10.54%,243,31.0,12.0,13.0,56.0,16.98%,46,85.0,13848,18726.0,오피스텔,22.5,6.8
174,293,10.62%,262,38.0,9.0,9.0,30.0,17.26%,51,125.0,15167,29879.0,오피스텔,37.5,11.3
175,489,11.74%,431,35.0,9.0,11.0,45.0,16.98%,83,248.0,24887,34388.0,오피스텔,82.5,25.0
176,561,12.11%,493,29.0,8.0,16.0,35.0,16.13%,91,314.0,27166,36195.0,오피스텔,82.5,25.0
177,494,11.77%,436,31.0,12.0,16.0,39.0,11.89%,59,279.0,17615,33461.0,오피스텔,52.5,15.9
178,392,11.2%,348,35.0,11.0,15.0,36.0,15.57%,61,190.0,18300,28292.0,오피스텔,37.5,11.3
179,375,11.1%,333,33.0,10.0,19.0,25.0,16.52%,62,184.0,18577,23990.0,오피스텔,37.5,11.3
180,347,10.93%,309,34.0,11.0,16.0,34.0,15.41%,53,161.0,16038,31766.0,오피스텔,37.5,11.3
181,315,10.74%,281,25.0,13.0,14.0,55.0,14.4%,45,129.0,13605,17780.0,오피스텔,22.5,6.8
182,280,10.57%,250,35.0,12.0,16.0,32.0,14.01%,39,116.0,11763,18797.0,오피스텔,22.5,6.8
183,338,10.88%,301,30.0,13.0,10.0,40.0,14.94%,50,158.0,15150,27254.0,오피스텔,37.5,11.3
184,417,11.34%,370,30.0,13.0,9.0,43.0,14.97%,62,213.0,18731,36276.0,오피스텔,37.5,11.3
185,159,10.0%,143,31.0,10.0,20.0,34.0,19.11%,30,18.0,9122,17316.0,오피스텔,7.5,2.3
186,255,10.47%,229,48.0,10.0,2.0,35.0,16.69%,43,91.0,12777,16732.0,오피스텔,22.5,6.8
187,261,10.49%,233,25.0,11.0,10.0,25.0,16.07%,42,120.0,12558,19662.0,오피스텔,22.5,6.8
188,183,10.0%,165,41.0,11.0,10.0,51.0,18.42%,34,18.0,10123,10101.0,오피스텔,7.5,2.3
189,204,10.27%,183,22.0,9.0,9.0,34.0,14.17%,29,80.0,8676,10101.0,오피스텔,7.5,2.3
190,286,10.6%,256,29.0,7.0,15.0,34.0,11.04%,32,139.0,9486,17316.0,오피스텔,7.5,2.3
191,421,11.37%,373,28.0,11.0,13.0,37.0,18.47%,78,206.0,23345,32271.0,오피스텔,52.5,15.9
192,374,11.1%,333,39.0,10.0,16.0,29.0,17.82%,67,172.0,20008,36436.0,오피스텔,37.5,11.3
193,453,11.54%,401,26.0,14.0,11.0,21.0,16.4%,74,255.0,22307,30711.0,오피스텔,52.5,15.9
194,323,10.79%,288,26.0,12.0,8.0,26.0,17.23%,56,160.0,16707,25625.0,오피스텔,37.5,11.3
195,123,10.0%,110,32.0,8.0,5.0,41.0,0.0%,0,24.0,0,17316.0,오피스텔,7.5,2.3
196,388,11.18%,345,36.0,10.0,10.0,36.0,17.23%,67,186.0,20077,34030.0,오피스텔,52.5,15.9
197,195,10.0%,176,38.0,10.0,10.0,31.0,19.32%,38,49.0,11324,14980.0,오피스텔,7.5,2.3
198,331,10.84%,295,25.0,9.0,8.0,26.0,12.74%,42,185.0,12660,20373.0,오피스텔,37.5,11.3
199,282,10.58%,253,46.0,11.0,8.0,38.0,15.49%,44,106.0,13123,20935.0,오피스텔,22.5,6.8
200,449,11.52%,398,37.0,11.0,7.0,41.0,18.17%,82,220.0,24502,34595.0,오피스텔,82.5,25.0
201,349,10.95%,311,39.0,12.0,14.0,25.0,17.78%,62,159.0,18646,16468.0,오피스텔,37.5,11.3
202,441,11.48%,391,34.0,14.0,8.0,48.0,14.96%,66,221.0,19807,29635.0,오피스텔,52.5,15.9
203,330,10.83%,294,27.0,10.0,10.0,31.0,13.81%,46,170.0,13677,13178.0,오피스텔,22.5,6.8
204,362,11.02%,322,33.0,11.0,17.0,55.0,14.9%,54,152.0,16196,29863.0,오피스텔,37.5,11.3
205,354,10.97%,315,31.0,11.0,13.0,18.0,12.01%,42,200.0,12743,20537.0,오피스텔,37.5,11.3
206,285,10.59%,255,27.0,9.0,14.0,26.0,19.64%,56,123.0,16786,30910.0,오피스텔,37.5,11.3
207,467,11.62%,413,29.0,9.0,12.0,37.0,19.21%,90,236.0,26901,36472.0,오피스텔,82.5,25.0
208,478,11.68%,422,25.0,12.0,10.0,32.0,11.09%,53,290.0,15888,37548.0,오피스텔,37.5,11.3
209,398,11.24%,353,29.0,9.0,17.0,52.0,10.85%,43,203.0,12965,13747.0,오피스텔,37.5,11.3
210,248,10.44%,222,37.0,10.0,12.0,29.0,16.49%,41,93.0,12279,11590.0,오피스텔,22.5,6.8
211,244,10.42%,218,31.0,10.0,11.0,36.0,13.43%,33,97.0,9822,11207.0,오피스텔,7.5,2.3
212,387,11.17%,344,22.0,12.0,4.0,25.0,16.84%,65,216.0,19558,27298.0,오피스텔,67.5,20.4
213,199,10.0%,179,28.0,14.0,9.0,30.0,16.16%,32,66.0,9656,10101.0,오피스텔,7.5,2.3
214,306,10.68%,273,34.0,10.0,6.0,37.0,11.39%,35,151.0,10450,14430.0,오피스텔,7.5,2.3
215,261,10.5%,234,28.0,11.0,13.0,39.0,11.21%,29,114.0,8790,14430.0,오피스텔,7.5,2.3
216,276,10.55%,247,32.0,12.0,18.0,31.0,14.17%,39,115.0,11722,15139.0,오피스텔,7.5,2.3
217,353,10.97%,314,38.0,11.0,12.0,28.0,24.94%,88,137.0,26420,33246.0,오피스텔,52.5,15.9
218,303,10.67%,271,31.0,11.0,9.0,40.0,13.36%,41,139.0,12158,10721.0,오피스텔,7.5,2.3
219,302,10.66%,270,34.0,8.0,14.0,31.0,17.7%,54,129.0,16052,25686.0,오피스텔,37.5,11.3
220,410,11.3%,363,24.0,13.0,10.0,37.0,12.85%,53,226.0,15784,25213.0,오피스텔,37.5,11.3
221,207,10.28%,186,33.0,8.0,8.0,47.0,18.51%,38,52.0,11500,22185.0,오피스텔,7.5,2.3
222,291,10.62%,261,37.0,11.0,11.0,32.0,14.95%,44,126.0,13068,21603.0,오피스텔,37.5,11.3
223,347,10.93%,309,42.0,10.0,12.0,45.0,16.56%,57,143.0,17221,41312.0,오피스텔,52.5,15.9
224,420,11.36%,372,40.0,12.0,5.0,42.0,11.41%,48,225.0,14383,21638.0,오피스텔,37.5,11.3
225,197,10.0%,177,34.0,10.0,11.0,32.0,17.08%,34,56.0,10068,20924.0,오피스텔,7.5,2.3
226,342,10.9%,305,34.0,13.0,12.0,32.0,12.36%,42,172.0,12690,11780.0,오피스텔,22.5,6.8
227,406,11.28%,360,38.0,10.0,12.0,41.0,19.51%,79,180.0,23772,38724.0,오피스텔,52.5,15.9
228,281,10.57%,251,43.0,10.0,12.0,34.0,16.41%,46,106.0,13826,24074.0,오피스텔,37.5,11.3
229,312,10.72%,279,30.0,9.0,17.0,25.0,15.93%,50,148.0,14910,15940.0,오피스텔,37.5,11.3
230,212,10.3%,190,26.0,9.0,6.0,47.0,20.94%,44,58.0,13313,16653.0,오피스텔,22.5,6.8
231,411,11.31%,364,29.0,12.0,16.0,31.0,14.53%,60,216.0,17909,31362.0,오피스텔,37.5,11.3
232,62,10.0%,56,47.0,11.0,6.0,40.0,0.0%,0,0.0,0,0.0,해당없음,0.0,0.0
233,553,12.06%,486,40.0,11.0,11.0,38.0,18.9%,104,282.0,31348,31790.0,오피스텔,130.0,39.3
234,386,11.16%,343,34.0,13.0,12.0,21.0,13.05%,50,213.0,15102,28642.0,오피스텔,37.5,11.3
235,283,10.58%,253,27.0,12.0,7.0,24.0,13.08%,37,146.0,11089,10227.0,오피스텔,7.5,2.3
236,328,10.82%,293,42.0,12.0,5.0,23.0,16.47%,54,157.0,16219,26345.0,오피스텔,37.5,11.3
237,404,11.27%,358,27.0,10.0,12.0,25.0,14.49%,59,225.0,17555,19077.0,오피스텔,67.5,20.4
238,321,10.78%,286,23.0,10.0,13.0,13.0,12.52%,40,187.0,12053,13686.0,오피스텔,37.5,11.3
239,354,10.97%,315,33.0,9.0,11.0,44.0,18.35%,65,153.0,19498,26488.0,오피스텔,37.5,11.3
240,323,10.79%,288,35.0,9.0,14.0,29.0,16.8%,54,147.0,16268,22258.0,오피스텔,37.5,11.3
241,314,10.74%,281,35.0,10.0,7.0,54.0,12.8%,40,135.0,12077,26751.0,오피스텔,22.5,6.8
242,187,10.0%,168,30.0,10.0,15.0,31.0,20.34%,38,44.0,11402,10101.0,오피스텔,7.5,2.3
243,434,11.44%,385,30.0,13.0,9.0,52.0,11.03%,48,233.0,14367,15957.0,오피스텔,37.5,11.3
244,192,10.0%,173,36.0,11.0,11.0,29.0,17.16%,33,53.0,9906,14430.0,오피스텔,7.5,2.3
245,298,10.64%,266,32.0,12.0,15.0,53.0,16.46%,49,105.0,14691,22351.0,오피스텔,22.5,6.8
246,255,10.47%,228,29.0,10.0,19.0,23.0,15.96%,41,106.0,12207,17848.0,오피스텔,22.5,6.8
247,473,11.65%,418,39.0,12.0,13.0,46.0,16.09%,76,232.0,22843,31390.0,오피스텔,52.5,15.9
248,273,10.54%,244,35.0,11.0,8.0,24.0,11.98%,33,133.0,9805,14430.0,오피스텔,7.5,2.3
249,189,10.0%,170,35.0,11.0,11.0,22.0,16.68%,31,60.0,9449,14430.0,오피스텔,7.5,2.3
250,555,12.08%,488,40.0,10.0,22.0,63.0,18.22%,101,252.0,30338,38076.0,오피스텔,82.5,25.0
251,308,10.7%,275,39.0,17.0,14.0,44.0,16.79%,52,109.0,15502,22734.0,오피스텔,37.5,11.3
252,592,12.26%,519,41.0,19.0,13.0,37.0,19.51%,115,294.0,34635,53365.0,오피스텔,130.0,39.3
253,275,10.55%,246,35.0,13.0,11.0,60.0,11.3%,31,96.0,9322,20924.0,오피스텔,7.5,2.3
254,677,12.8%,591,37.0,13.0,16.0,56.0,14.16%,96,373.0,28767,53718.0,오피스텔,130.0,39.3
255,525,11.92%,462,39.0,16.0,18.0,43.0,14.34%,75,271.0,22575,37239.0,오피스텔,82.5,25.0
256,523,11.92%,461,33.0,19.0,26.0,33.0,13.89%,73,277.0,21811,29864.0,오피스텔,52.5,15.9
257,288,10.6%,258,27.0,17.0,9.0,16.0,15.82%,46,143.0,13676,14210.0,오피스텔,37.5,11.3
258,564,12.12%,496,40.0,17.0,23.0,43.0,17.42%,98,275.0,29497,45798.0,오피스텔,82.5,25.0
259,486,11.72%,429,36.0,14.0,19.0,37.0,13.08%,64,259.0,19073,27457.0,오피스텔,67.5,20.4
260,395,11.22%,350,37.0,15.0,10.0,43.0,19.56%,77,168.0,23166,42324.0,오피스텔,52.5,15.9
261,358,11.0%,318,34.0,16.0,22.0,49.0,16.49%,59,138.0,17699,27780.0,오피스텔,52.5,15.9
262,498,11.79%,439,30.0,19.0,17.0,46.0,18.29%,91,236.0,27331,42389.0,오피스텔,82.5,25.0
263,291,10.62%,260,30.0,14.0,13.0,37.0,16.62%,48,118.0,14525,23077.0,오피스텔,22.5,6.8
264,511,11.86%,450,35.0,17.0,21.0,42.0,15.37%,79,256.0,23573,31256.0,오피스텔,52.5,15.9
265,185,10.0%,166,30.0,16.0,10.0,40.0,20.03%,37,33.0,11096,17316.0,오피스텔,7.5,2.3
266,748,13.24%,649,42.0,11.0,26.0,49.0,12.91%,97,424.0,28970,55844.0,아파트,67.5,20.4
267,448,11.51%,396,39.0,15.0,13.0,48.0,13.72%,61,220.0,18438,36863.0,오피스텔,37.5,11.3
268,528,11.94%,465,36.0,14.0,28.0,55.0,15.75%,83,249.0,24934,47779.0,오피스텔,82.5,25.0
269,263,10.5%,236,21.0,18.0,9.0,41.0,11.07%,29,118.0,8752,10101.0,오피스텔,7.5,2.3
270,314,10.73%,280,26.0,17.0,22.0,39.0,15.49%,49,127.0,14595,22334.0,오피스텔,22.5,6.8
271,86,10.0%,77,34.0,17.0,9.0,40.0,0.0%,0,0.0,0,0.0,해당없음,0.0,0.0
272,500,11.8%,441,38.0,16.0,10.0,50.0,19.63%,98,229.0,29418,40670.0,오피스텔,82.5,25.0
273,477,11.67%,421,37.0,14.0,15.0,34.0,16.78%,80,241.0,23996,22122.0,오피스텔,52.5,15.9
274,474,11.66%,419,40.0,11.0,8.0,64.0,12.95%,61,235.0,18421,18518.0,오피스텔,37.5,11.3
275,468,11.63%,414,30.0,18.0,13.0,55.0,19.52%,91,207.0,27430,30797.0,오피스텔,112.5,34.0
276,611,12.37%,535,38.0,21.0,15.0,47.0,17.2%,105,309.0,31514,60503.0,오피스텔,130.0,39.3
277,550,12.05%,484,39.0,21.0,19.0,37.0,16.83%,93,275.0,27771,37675.0,오피스텔,82.5,25.0
278,576,12.18%,506,28.0,16.0,18.0,39.0,12.25%,71,334.0,21161,21591.0,오피스텔,52.5,15.9
279,532,11.96%,468,33.0,14.0,25.0,37.0,11.68%,62,297.0,18629,29103.0,오피스텔,52.5,15.9
280,334,10.85%,298,31.0,15.0,23.0,47.0,18.51%,62,120.0,18541,26551.0,오피스텔,37.5,11.3
281,380,11.13%,338,19.0,16.0,16.0,40.0,14.23%,54,193.0,16244,18554.0,오피스텔,37.5,11.3
282,715,13.04%,622,39.0,17.0,30.0,29.0,12.9%,92,415.0,27688,27055.0,아파트,67.5,20.4
283,651,12.63%,569,37.0,15.0,30.0,38.0,18.24%,119,330.0,35635,38153.0,오피스텔,150.0,45.4
284,588,12.24%,516,40.0,16.0,13.0,31.0,18.58%,109,307.0,32801,51824.0,오피스텔,112.5,34.0
285,186,10.0%,168,37.0,13.0,13.0,43.0,17.11%,32,30.0,9554,10101.0,오피스텔,7.5,2.3
286,551,12.06%,485,37.0,16.0,12.0,38.0,17.09%,94,288.0,28277,40919.0,오피스텔,82.5,25.0
287,547,12.04%,481,32.0,18.0,22.0,47.0,14.41%,79,283.0,23665,27503.0,오피스텔,82.5,25.0
288,608,12.36%,533,36.0,14.0,9.0,54.0,12.91%,79,341.0,23561,26839.0,오피스텔,82.5,25.0
289,397,11.23%,353,37.0,15.0,25.0,40.0,15.98%,64,172.0,19053,28081.0,오피스텔,52.5,15.9
290,552,12.06%,485,36.0,17.0,37.0,48.0,13.33%,74,273.0,22064,22191.0,오피스텔,52.5,15.9
291,219,10.33%,197,38.0,15.0,25.0,57.0,16.79%,37,25.0,11036,10730.0,오피스텔,7.5,2.3
292,480,11.69%,424,32.0,16.0,12.0,33.0,14.09%,68,263.0,20279,30804.0,오피스텔,52.5,15.9
293,597,12.28%,523,42.0,17.0,9.0,43.0,16.95%,101,311.0,30330,41042.0,오피스텔,82.5,25.0
294,694,12.91%,605,36.0,13.0,18.0,35.0,16.95%,118,385.0,35310,54883.0,오피스텔,130.0,39.3
295,606,12.34%,531,35.0,17.0,13.0,33.0,16.63%,101,332.0,30248,28008.0,오피스텔,82.5,25.0
296,618,12.42%,541,33.0,19.0,14.0,43.0,10.7%,66,366.0,19831,39145.0,오피스텔,52.5,15.9
297,652,12.64%,569,30.0,13.0,7.0,49.0,15.38%,100,370.0,30072,51840.0,오피스텔,112.5,34.0
298,413,11.32%,367,46.0,14.0,23.0,60.0,14.2%,59,165.0,17604,34018.0,오피스텔,52.5,15.9
299,824,13.67%,712,40.0,15.0,24.0,48.0,15.24%,126,459.0,37689,58125.0,아파트,82.5,25.0
300,627,12.48%,549,28.0,15.0,16.0,43.0,17.5%,110,337.0,32911,49531.0,오피스텔,82.5,25.0
301,429,11.41%,380,39.0,17.0,19.0,63.0,11.83%,51,191.0,15237,16970.0,오피스텔,37.5,11.3
302,319,10.76%,284,37.0,13.0,6.0,42.0,15.22%,48,138.0,14545,14549.0,오피스텔,37.5,11.3
303,482,11.7%,426,40.0,17.0,10.0,64.0,14.81%,71,224.0,21442,20742.0,오피스텔,52.5,15.9
304,698,12.94%,608,34.0,13.0,13.0,37.0,19.33%,135,376.0,40484,79273.0,오피스텔,150.0,45.4
305,677,12.8%,590,35.0,16.0,13.0,30.0,19.02%,129,367.0,38634,54267.0,오피스텔,130.0,39.3
306,525,11.92%,462,27.0,14.0,19.0,32.0,16.63%,87,283.0,26169,63036.0,오피스텔,112.5,34.0
307,246,10.43%,220,31.0,13.0,10.0,6.0,13.95%,34,126.0,10288,15464.0,오피스텔,7.5,2.3
308,498,11.79%,439,34.0,16.0,15.0,38.0,13.83%,69,267.0,20642,42543.0,오피스텔,52.5,15.9
309,577,12.19%,507,30.0,16.0,22.0,59.0,13.99%,81,299.0,24232,56895.0,오피스텔,82.5,25.0
310,486,11.72%,429,30.0,13.0,13.0,38.0,13.27%,64,271.0,19349,41867.0,오피스텔,52.5,15.9
311,561,12.11%,493,38.0,15.0,26.0,42.0,13.39%,75,297.0,22531,37140.0,오피스텔,82.5,25.0
312,499,11.79%,440,31.0,10.0,28.0,46.0,17.9%,89,236.0,26773,52180.0,오피스텔,112.5,34.0
313,457,11.56%,404,32.0,13.0,9.0,33.0,18.02%,82,235.0,24690,52696.0,오피스텔,82.5,25.0
314,630,12.49%,551,24.0,15.0,9.0,42.0,15.35%,97,364.0,28992,46273.0,오피스텔,130.0,39.3
315,496,11.78%,438,26.0,20.0,12.0,34.0,17.17%,85,261.0,25570,35836.0,오피스텔,82.5,25.0
316,534,11.97%,470,35.0,14.0,18.0,39.0,19.56%,105,259.0,31356,50993.0,오피스텔,97.5,29.5
317,613,12.39%,537,31.0,19.0,13.0,39.0,19.72%,121,314.0,36278,47727.0,오피스텔,130.0,39.3
318,330,10.83%,294,22.0,17.0,21.0,14.0,13.2%,44,176.0,13059,24484.0,오피스텔,37.5,11.3
319,340,10.89%,303,32.0,19.0,19.0,29.0,18.06%,61,143.0,18410,20343.0,오피스텔,52.5,15.9
320,473,11.65%,418,38.0,11.0,11.0,34.0,17.04%,81,243.0,24161,38911.0,오피스텔,82.5,25.0
321,349,10.94%,311,35.0,19.0,18.0,30.0,16.88%,59,150.0,17665,17002.0,오피스텔,37.5,11.3
322,455,11.55%,403,26.0,16.0,16.0,41.0,21.3%,97,207.0,29084,39234.0,오피스텔,82.5,25.0
323,1015,14.66%,866,36.0,13.0,16.0,50.0,11.89%,121,630.0,36189,59687.0,아파트,82.5,25.0
324,520,11.9%,458,24.0,16.0,12.0,56.0,18.05%,94,256.0,28169,42938.0,오피스텔,82.5,25.0
325,676,12.79%,589,28.0,17.0,15.0,44.0,12.8%,86,399.0,25942,29751.0,오피스텔,97.5,29.5
326,580,12.2%,509,31.0,14.0,27.0,35.0,21.83%,127,275.0,37978,64346.0,오피스텔,130.0,39.3
327,437,11.45%,387,32.0,19.0,29.0,24.0,14.64%,64,219.0,19196,31054.0,오피스텔,37.5,11.3
328,506,11.83%,446,42.0,14.0,18.0,35.0,17.84%,90,247.0,27082,34981.0,오피스텔,82.5,25.0
329,571,12.15%,501,38.0,17.0,23.0,54.0,15.2%,87,282.0,26027,35038.0,오피스텔,82.5,25.0
330,595,12.28%,522,34.0,14.0,18.0,43.0,15.89%,95,318.0,28376,37320.0,오피스텔,82.5,25.0
331,455,11.55%,402,34.0,18.0,10.0,55.0,11.79%,54,231.0,16082,24079.0,오피스텔,37.5,11.3
332,714,13.03%,621,30.0,11.0,14.0,52.0,12.38%,88,426.0,26498,24311.0,아파트,67.5,20.4
333,498,11.79%,440,26.0,14.0,21.0,48.0,8.63%,43,288.0,12901,20943.0,오피스텔,37.5,11.3
334,464,11.6%,410,33.0,11.0,11.0,55.0,13.51%,63,237.0,18784,34965.0,오피스텔,37.5,11.3
335,450,11.53%,398,35.0,18.0,21.0,42.0,12.91%,58,224.0,17437,17203.0,오피스텔,37.5,11.3
336,567,12.13%,498,38.0,13.0,17.0,25.0,13.18%,75,330.0,22416,29361.0,오피스텔,52.5,15.9
337,693,12.9%,603,27.0,15.0,21.0,29.0,16.49%,114,397.0,34263,71955.0,오피스텔,130.0,39.3
338,596,12.28%,523,34.0,14.0,9.0,37.0,16.8%,100,329.0,30060,49500.0,오피스텔,82.5,25.0
339,813,13.62%,703,27.0,16.0,25.0,45.0,15.59%,127,463.0,38043,64729.0,아파트,82.5,25.0
340,558,12.09%,491,33.0,17.0,22.0,45.0,15.63%,87,287.0,26176,42089.0,오피스텔,82.5,25.0
341,463,11.6%,410,38.0,21.0,16.0,32.0,14.88%,69,234.0,20680,33553.0,오피스텔,52.5,15.9
342,680,12.82%,593,31.0,12.0,25.0,37.0,12.93%,88,400.0,26378,51715.0,오피스텔,112.5,34.0
343,487,11.73%,430,33.0,16.0,24.0,34.0,13.32%,65,258.0,19476,43486.0,오피스텔,52.5,15.9
344,584,12.22%,513,30.0,14.0,22.0,29.0,14.99%,88,330.0,26287,41600.0,오피스텔,82.5,25.0
345,676,12.8%,590,38.0,19.0,18.0,60.0,18.26%,124,331.0,37063,47864.0,오피스텔,130.0,39.3
346,466,11.61%,412,31.0,14.0,18.0,59.0,16.22%,76,214.0,22684,35232.0,오피스텔,82.5,25.0
347,242,10.42%,217,30.0,13.0,23.0,65.0,16.06%,39,47.0,11680,14689.0,오피스텔,7.5,2.3
348,485,11.72%,428,32.0,16.0,23.0,36.0,13.52%,66,255.0,19677,29484.0,오피스텔,52.5,15.9
349,540,12.0%,475,38.0,17.0,20.0,57.0,13.36%,72,271.0,21651,34020.0,오피스텔,82.5,25.0
350,68,10.0%,61,34.0,15.0,6.0,47.0,0.0%,0,0.0,0,0.0,해당없음,0.0,0.0
351,723,13.09%,628,32.0,16.0,24.0,50.0,17.09%,123,383.0,37049,48881.0,아파트,82.5,25.0
352,765,13.34%,663,38.0,14.0,8.0,39.0,17.05%,131,433.0,39153,37455.0,아파트,82.5,25.0
353,367,11.05%,326,38.0,19.0,17.0,47.0,15.6%,57,148.0,17159,29430.0,오피스텔,37.5,11.3
354,509,11.85%,449,44.0,14.0,13.0,33.0,17.84%,91,254.0,27246,26822.0,오피스텔,82.5,25.0
355,290,10.61%,259,36.0,15.0,14.0,32.0,18.13%,53,109.0,15774,14844.0,오피스텔,37.5,11.3
356,276,10.55%,247,36.0,11.0,21.0,33.0,11.6%,32,114.0,9605,14876.0,오피스텔,7.5,2.3
357,268,10.52%,240,33.0,14.0,17.0,64.0,17.38%,47,65.0,13966,17473.0,오피스텔,22.5,6.8
358,201,10.25%,180,24.0,15.0,22.0,44.0,19.95%,40,35.0,12019,10583.0,오피스텔,7.5,2.3
359,381,11.14%,339,34.0,13.0,22.0,35.0,17.14%,65,170.0,19601,26848.0,오피스텔,37.5,11.3
360,807,13.59%,698,33.0,15.0,8.0,21.0,13.32%,108,513.0,32261,60499.0,아파트,82.5,25.0
361,248,10.44%,222,34.0,19.0,7.0,47.0,19.39%,48,67.0,14401,19566.0,오피스텔,37.5,11.3
362,424,11.38%,376,28.0,17.0,25.0,40.0,14.3%,61,205.0,18210,29636.0,오피스텔,52.5,15.9
363,359,11.0%,319,27.0,14.0,14.0,33.0,11.65%,42,189.0,12540,14482.0,오피스텔,37.5,11.3
364,481,11.7%,425,29.0,13.0,10.0,47.0,19.06%,92,234.0,27505,42216.0,오피스텔,97.5,29.5
365,573,12.16%,503,30.0,18.0,19.0,40.0,14.87%,85,311.0,25558,44286.0,오피스텔,82.5,25.0
366,616,12.4%,539,38.0,16.0,17.0,33.0,20.29%,125,310.0,37490,48458.0,오피스텔,130.0,39.3
367,560,12.1%,492,29.0,14.0,20.0,37.0,12.04%,67,325.0,20237,32576.0,오피스텔,67.5,20.4
368,481,11.7%,425,30.0,12.0,19.0,40.0,16.97%,82,242.0,24509,32743.0,오피스텔,52.5,15.9
369,337,10.87%,300,36.0,13.0,25.0,46.0,10.3%,35,145.0,10406,18228.0,오피스텔,7.5,2.3
370,398,11.24%,353,42.0,14.0,25.0,52.0,14.64%,58,162.0,17492,31368.0,오피스텔,37.5,11.3
371,394,11.22%,350,34.0,17.0,19.0,40.0,12.55%,49,191.0,14846,26424.0,오피스텔,37.5,11.3
372,480,11.69%,424,41.0,17.0,7.0,50.0,15.79%,76,233.0,22764,41387.0,오피스텔,52.5,15.9
373,235,10.39%,211,41.0,16.0,12.0,36.0,14.43%,34,72.0,10173,16732.0,오피스텔,22.5,6.8
374,324,10.8%,289,35.0,12.0,22.0,54.0,16.52%,54,112.0,16076,30138.0,오피스텔,37.5,11.3
375,726,13.11%,631,31.0,12.0,6.0,28.0,18.54%,135,419.0,40387,56428.0,아파트,82.5,25.0
376,657,12.67%,574,34.0,11.0,15.0,44.0,13.91%,91,379.0,27411,47830.0,오피스텔,82.5,25.0
377,547,12.04%,481,30.0,19.0,11.0,48.0,18.46%,101,272.0,30287,28456.0,오피스텔,82.5,25.0
378,590,12.25%,518,38.0,14.0,19.0,44.0,16.2%,96,307.0,28658,49315.0,오피스텔,82.5,25.0
379,443,11.48%,392,33.0,17.0,24.0,35.0,14.6%,65,218.0,19380,30020.0,오피스텔,37.5,11.3
380,614,12.39%,538,28.0,15.0,22.0,40.0,21.51%,132,301.0,39619,35550.0,오피스텔,130.0,39.3
381,574,12.17%,504,25.0,12.0,11.0,50.0,15.6%,90,316.0,26868,47112.0,오피스텔,82.5,25.0
382,780,13.43%,676,47.0,15.0,20.0,18.0,17.19%,134,442.0,40239,73679.0,아파트,97.5,29.5
383,415,11.33%,368,33.0,16.0,16.0,39.0,13.18%,55,209.0,16399,22825.0,오피스텔,37.5,11.3
384,184,10.0%,166,32.0,13.0,17.0,56.0,0.0%,0,48.0,0,0.0,해당없음,0.0,0.0
385,354,10.98%,315,20.0,12.0,28.0,75.0,17.52%,62,118.0,18622,23799.0,오피스텔,37.5,11.3
386,304,10.68%,272,34.0,17.0,16.0,69.0,10.14%,31,105.0,9266,14430.0,오피스텔,7.5,2.3
387,261,10.49%,233,29.0,14.0,25.0,51.0,13.38%,35,79.0,10456,10101.0,오피스텔,7.5,2.3
388,551,12.06%,485,32.0,14.0,15.0,56.0,21.78%,120,248.0,36032,34726.0,오피스텔,130.0,39.3
389,443,11.48%,392,44.0,17.0,21.0,41.0,18.33%,81,188.0,24334,22815.0,오피스텔,52.5,15.9
390,217,10.32%,195,33.0,14.0,11.0,32.0,14.28%,31,74.0,9307,14860.0,오피스텔,7.5,2.3
391,723,13.09%,628,26.0,19.0,24.0,45.0,15.78%,114,400.0,34221,46048.0,아파트,67.5,20.4
392,493,11.76%,435,40.0,14.0,20.0,47.0,15.5%,76,238.0,22930,35195.0,오피스텔,52.5,15.9
393,516,11.88%,455,35.0,14.0,16.0,52.0,13.72%,71,267.0,21254,33421.0,오피스텔,52.5,15.9
394,597,12.29%,524,23.0,15.0,20.0,34.0,12.28%,73,359.0,21999,40771.0,오피스텔,82.5,25.0
395,440,11.47%,389,37.0,17.0,13.0,44.0,18.14%,80,198.0,23923,21084.0,오피스텔,52.5,15.9
396,346,10.93%,308,26.0,14.0,25.0,46.0,17.61%,61,136.0,18279,28732.0,오피스텔,52.5,15.9
397,584,12.22%,513,36.0,16.0,14.0,49.0,16.79%,98,300.0,29440,38190.0,오피스텔,82.5,25.0
398,631,12.5%,552,38.0,17.0,21.0,49.0,13.19%,83,344.0,24947,42860.0,오피스텔,82.5,25.0
399,674,12.78%,588,38.0,12.0,14.0,35.0,14.68%,99,390.0,29679,54840.0,오피스텔,130.0,39.3
400,394,11.21%,349,31.0,13.0,15.0,20.0,14.68%,58,212.0,17329,26862.0,오피스텔,37.5,11.3
401,536,11.98%,472,33.0,15.0,21.0,48.0,11.72%,63,292.0,18856,19156.0,오피스텔,67.5,20.4
402,244,10.43%,218,28.0,13.0,13.0,52.0,15.73%,38,74.0,11506,19642.0,오피스텔,22.5,6.8
403,471,11.64%,416,34.0,11.0,21.0,29.0,14.56%,69,252.0,20573,30622.0,오피스텔,52.5,15.9
404,512,11.86%,451,38.0,17.0,9.0,6.0,17.74%,91,290.0,27236,45482.0,오피스텔,82.5,25.0
405,532,11.96%,468,44.0,19.0,19.0,35.0,15.71%,84,267.0,25050,39592.0,오피스텔,82.5,25.0
406,632,12.51%,553,26.0,15.0,18.0,52.0,13.99%,88,354.0,26511,39089.0,오피스텔,82.5,25.0
407,945,14.28%,810,36.0,16.0,19.0,24.0,21.23%,201,514.0,60222,53100.0,아파트,112.5,34.0
408,390,11.19%,347,30.0,15.0,20.0,35.0,11.37%,44,203.0,13313,24517.0,오피스텔,37.5,11.3
409,682,12.83%,595,37.0,15.0,13.0,46.0,17.42%,119,365.0,35645,48739.0,오피스텔,130.0,39.3
410,635,12.52%,555,30.0,16.0,16.0,22.0,15.23%,97,374.0,29002,30526.0,오피스텔,112.5,34.0
411,370,11.07%,329,27.0,14.0,15.0,44.0,15.85%,59,170.0,17616,16339.0,오피스텔,37.5,11.3
412,639,12.55%,559,32.0,17.0,19.0,43.0,14.82%,95,353.0,28403,65771.0,오피스텔,130.0,39.3
413,408,11.3%,362,26.0,16.0,24.0,51.0,15.86%,65,180.0,19426,24467.0,오피스텔,37.5,11.3
414,657,12.67%,574,39.0,14.0,20.0,29.0,16.26%,107,365.0,32045,55670.0,오피스텔,130.0,39.3
415,451,11.53%,399,34.0,18.0,13.0,32.0,11.45%,52,250.0,15504,34735.0,오피스텔,37.5,11.3
416,502,11.81%,443,34.0,12.0,3.0,35.0,16.93%,85,274.0,25495,60140.0,오피스텔,82.5,25.0
417,306,10.69%,273,29.0,15.0,16.0,64.0,9.97%,30,119.0,9148,17316.0,오피스텔,7.5,2.3
418,554,12.07%,488,34.0,17.0,9.0,50.0,18.93%,105,273.0,31494,53686.0,오피스텔,130.0,39.3
419,490,11.74%,432,33.0,12.0,7.0,49.0,13.79%,68,263.0,20272,30374.0,오피스텔,52.5,15.9
420,562,12.11%,494,33.0,13.0,27.0,32.0,13.98%,79,310.0,23588,21561.0,오피스텔,52.5,15.9
421,766,13.35%,664,27.0,16.0,18.0,47.0,11.8%,90,466.0,27109,39507.0,아파트,67.5,20.4
422,415,11.33%,368,33.0,14.0,12.0,49.0,19.52%,81,179.0,24274,37359.0,오피스텔,82.5,25.0
423,420,11.36%,372,33.0,14.0,2.0,39.0,13.12%,55,229.0,16515,15980.0,오피스텔,37.5,11.3
424,890,14.0%,765,40.0,15.0,19.0,35.0,16.89%,150,506.0,45075,72961.0,아파트,82.5,25.0
425,590,12.25%,518,32.0,14.0,19.0,52.0,11.11%,66,335.0,19669,31052.0,오피스텔,52.5,15.9
426,572,12.16%,503,36.0,13.0,20.0,35.0,13.92%,80,319.0,23910,45289.0,오피스텔,82.5,25.0
427,410,11.3%,364,35.0,19.0,10.0,24.0,9.73%,40,236.0,11964,19699.0,오피스텔,37.5,11.3
428,528,11.94%,465,30.0,13.0,23.0,41.0,18.73%,99,259.0,29701,39745.0,오피스텔,82.5,25.0
429,741,13.2%,643,25.0,13.0,19.0,26.0,17.74%,132,428.0,39463,53856.0,아파트,82.5,25.0
430,474,11.66%,419,37.0,15.0,18.0,23.0,12.43%,59,267.0,17664,25418.0,오피스텔,37.5,11.3
431,403,11.27%,358,34.0,13.0,23.0,52.0,16.16%,65,171.0,19540,36852.0,오피스텔,37.5,11.3
432,323,10.79%,289,35.0,19.0,26.0,64.0,15.57%,50,95.0,15109,13896.0,오피스텔,37.5,11.3
433,339,10.88%,302,34.0,13.0,15.0,43.0,16.14%,55,142.0,16415,22891.0,오피스텔,37.5,11.3
434,661,12.69%,577,37.0,15.0,18.0,34.0,19.09%,126,347.0,37835,58685.0,오피스텔,130.0,39.3
435,838,13.74%,723,26.0,15.0,26.0,48.0,14.0%,117,491.0,35174,54859.0,아파트,82.5,25.0
436,471,11.64%,417,33.0,15.0,27.0,15.0,14.06%,66,261.0,19894,31964.0,오피스텔,52.5,15.9
437,748,13.24%,649,29.0,14.0,16.0,49.0,15.48%,116,425.0,34746,53132.0,아파트,82.5,25.0
438,245,10.43%,220,35.0,21.0,8.0,45.0,11.99%,29,82.0,8823,14430.0,오피스텔,7.5,2.3
439,396,11.22%,351,33.0,17.0,14.0,50.0,11.64%,46,191.0,13819,19566.0,오피스텔,37.5,11.3
440,792,13.5%,685,37.0,19.0,9.0,32.0,15.57%,123,465.0,36980,56363.0,아파트,67.5,20.4
441,578,12.19%,507,39.0,16.0,16.0,42.0,11.48%,66,328.0,19903,32743.0,오피스텔,52.5,15.9
442,301,10.66%,269,36.0,15.0,14.0,38.0,12.15%,37,129.0,10973,17574.0,오피스텔,22.5,6.8
443,545,12.02%,479,29.0,14.0,31.0,35.0,13.89%,76,294.0,22699,32876.0,오피스텔,52.5,15.9
444,444,11.49%,393,33.0,14.0,16.0,35.0,14.15%,63,232.0,18868,16787.0,오피스텔,37.5,11.3
445,714,13.04%,621,35.0,15.0,6.0,50.0,10.99%,79,436.0,23558,51504.0,아파트,67.5,20.4
446,392,11.2%,348,39.0,10.0,23.0,24.0,16.22%,64,188.0,19076,27195.0,오피스텔,67.5,20.4
447,619,12.43%,542,36.0,9.0,17.0,47.0,15.4%,95,338.0,28625,68231.0,오피스텔,130.0,39.3
448,519,11.9%,457,35.0,22.0,9.0,62.0,14.92%,77,252.0,23236,36902.0,오피스텔,82.5,25.0
449,519,11.89%,457,32.0,11.0,14.0,54.0,20.81%,108,238.0,32393,48752.0,오피스텔,82.5,25.0
450,482,11.7%,425,40.0,11.0,19.0,24.0,21.07%,101,230.0,30434,38377.0,오피스텔,82.5,25.0
451,560,12.1%,493,37.0,16.0,2.0,39.0,12.1%,68,331.0,20345,23697.0,오피스텔,82.5,25.0
452,572,12.16%,503,35.0,15.0,11.0,53.0,19.7%,113,276.0,33811,29945.0,오피스텔,97.5,29.5
453,694,12.91%,604,27.0,17.0,15.0,42.0,18.7%,130,373.0,38914,53467.0,오피스텔,130.0,39.3
454,558,12.09%,490,32.0,13.0,19.0,32.0,14.35%,80,314.0,24016,31045.0,오피스텔,52.5,15.9
455,328,10.82%,292,36.0,11.0,19.0,52.0,15.98%,52,122.0,15702,22725.0,오피스텔,37.5,11.3
456,225,10.35%,202,28.0,20.0,11.0,38.0,16.11%,36,69.0,10865,18544.0,오피스텔,7.5,2.3
457,576,12.18%,506,36.0,15.0,15.0,55.0,12.15%,70,315.0,21000,30095.0,오피스텔,52.5,15.9
458,781,13.44%,676,39.0,16.0,11.0,32.0,16.57%,129,449.0,38837,52957.0,아파트,82.5,25.0
459,586,12.23%,514,35.0,18.0,23.0,28.0,12.93%,76,334.0,22728,43434.0,오피스텔,82.5,25.0
460,671,12.76%,585,33.0,15.0,21.0,82.0,11.12%,75,359.0,22387,36942.0,오피스텔,82.5,25.0
461,1002,14.59%,855,38.0,13.0,23.0,53.0,11.24%,113,615.0,33775,61262.0,아파트,82.5,25.0
462,450,11.53%,399,37.0,15.0,24.0,52.0,14.6%,66,205.0,19730,26628.0,오피스텔,37.5,11.3
463,570,12.15%,501,36.0,13.0,14.0,30.0,17.01%,97,311.0,29069,45395.0,오피스텔,130.0,39.3
464,573,12.16%,503,36.0,14.0,27.0,41.0,16.7%,96,289.0,28692,27338.0,오피스텔,82.5,25.0
465,609,12.36%,534,30.0,15.0,23.0,57.0,14.75%,90,319.0,26971,49256.0,오피스텔,82.5,25.0
466,455,11.55%,402,34.0,13.0,15.0,56.0,11.25%,51,233.0,15354,29777.0,오피스텔,37.5,11.3
467,594,12.27%,521,38.0,14.0,18.0,35.0,12.53%,74,342.0,22343,44108.0,오피스텔,52.5,15.9
468,614,12.39%,538,36.0,16.0,12.0,15.0,16.32%,100,359.0,30083,43677.0,오피스텔,112.5,34.0
469,678,12.81%,591,36.0,12.0,22.0,31.0,16.31%,111,379.0,33186,51476.0,오피스텔,97.5,29.5
470,672,12.77%,586,37.0,16.0,8.0,59.0,13.95%,94,372.0,28136,44279.0,오피스텔,112.5,34.0
471,544,12.02%,479,29.0,16.0,6.0,47.0,21.36%,116,265.0,34866,47210.0,오피스텔,130.0,39.3
472,337,10.87%,300,28.0,13.0,26.0,31.0,20.69%,70,132.0,20891,32659.0,오피스텔,67.5,20.4
473,748,13.24%,649,34.0,13.0,11.0,49.0,14.77%,111,431.0,33153,29417.0,아파트,67.5,20.4
474,477,11.67%,421,27.0,14.0,21.0,58.0,12.45%,59,242.0,17810,24178.0,오피스텔,37.5,11.3
475,735,13.16%,638,29.0,11.0,15.0,37.0,11.22%,82,464.0,24731,35358.0,아파트,67.5,20.4
476,347,10.93%,309,30.0,16.0,19.0,42.0,15.42%,54,148.0,16063,26639.0,오피스텔,37.5,11.3
477,380,11.13%,338,36.0,14.0,22.0,57.0,20.22%,77,132.0,23062,29804.0,오피스텔,52.5,15.9
478,205,10.27%,184,34.0,12.0,10.0,42.0,16.72%,34,52.0,10305,14430.0,오피스텔,7.5,2.3
479,269,10.53%,241,29.0,12.0,19.0,40.0,12.31%,33,108.0,9939,23779.0,오피스텔,22.5,6.8
480,386,11.17%,343,39.0,16.0,13.0,53.0,19.5%,75,147.0,22581,28722.0,오피스텔,52.5,15.9
481,717,13.05%,624,29.0,15.0,19.0,30.0,13.68%,98,433.0,29436,39891.0,아파트,67.5,20.4
482,634,12.52%,554,34.0,14.0,11.0,59.0,15.9%,101,335.0,30225,41105.0,오피스텔,82.5,25.0
483,546,12.03%,480,36.0,15.0,18.0,25.0,14.26%,78,308.0,23336,43542.0,오피스텔,82.5,25.0
484,670,12.76%,585,36.0,13.0,16.0,24.0,16.18%,108,388.0,32525,31112.0,오피스텔,130.0,39.3
485,585,12.22%,513,39.0,17.0,21.0,43.0,11.54%,67,326.0,20234,29810.0,오피스텔,52.5,15.9
486,593,12.26%,520,30.0,15.0,14.0,45.0,13.88%,82,334.0,24676,23654.0,오피스텔,82.5,25.0
487,443,11.48%,392,29.0,15.0,17.0,22.0,14.13%,63,246.0,18765,30202.0,오피스텔,52.5,15.9
488,783,13.45%,678,33.0,11.0,21.0,39.0,18.16%,142,432.0,42659,58312.0,아파트,82.5,25.0
489,544,12.02%,479,35.0,12.0,10.0,31.0,24.03%,131,260.0,39238,49055.0,오피스텔,130.0,39.3
490,355,10.98%,316,23.0,14.0,13.0,43.0,14.02%,50,173.0,14927,24485.0,오피스텔,37.5,11.3
491,741,13.2%,643,30.0,18.0,18.0,51.0,11.22%,83,443.0,24938,45460.0,아파트,52.5,15.9
492,514,11.87%,453,38.0,15.0,9.0,49.0,11.6%,60,282.0,17892,31510.0,오피스텔,37.5,11.3
493,645,12.59%,563,28.0,17.0,22.0,38.0,18.29%,118,340.0,35359,66227.0,오피스텔,130.0,39.3
494,674,12.78%,588,47.0,13.0,9.0,42.0,12.87%,87,390.0,26046,41316.0,오피스텔,82.5,25.0
495,618,12.42%,541,37.0,15.0,8.0,47.0,12.17%,75,359.0,22560,22136.0,오피스텔,52.5,15.9
496,405,11.28%,359,36.0,17.0,14.0,40.0,16.74%,68,184.0,20323,27181.0,오피스텔,67.5,20.4
497,640,12.56%,560,31.0,13.0,19.0,22.0,22.71%,145,330.0,43600,81500.0,오피스텔,150.0,45.4
498,500,11.8%,441,34.0,13.0,27.0,32.0,14.14%,71,264.0,21203,31143.0,오피스텔,52.5,15.9
499,633,12.51%,553,33.0,13.0,17.0,50.0,12.84%,81,359.0,24372,53108.0,오피스텔,82.5,25.0
500,891,14.0%,766,39.0,17.0,16.0,46.0,20.7%,184,464.0,55327,52798.0,아파트,97.5,29.5
501,554,12.07%,487,53.0,30.0,12.0,34.0,18.64%,103,255.0,31001,40706.0,아파트,67.5,20.4
502,869,13.9%,749,39.0,25.0,20.0,61.0,17.1%,149,455.0,44602,59275.0,아파트,82.5,25.0
503,832,13.71%,718,46.0,15.0,21.0,60.0,19.77%,165,411.0,49356,64980.0,아파트,97.5,29.5
504,796,13.52%,688,57.0,24.0,19.0,77.0,19.22%,153,358.0,45872,66761.0,아파트,97.5,29.5
505,870,13.9%,749,41.0,22.0,34.0,51.0,21.54%,187,414.0,56204,73607.0,아파트,97.5,29.5
506,867,13.89%,747,37.0,18.0,19.0,56.0,17.29%,150,467.0,44989,72094.0,아파트,97.5,29.5
507,682,12.83%,595,39.0,32.0,13.0,48.0,15.77%,108,355.0,32276,45530.0,아파트,67.5,20.4
508,582,12.21%,511,32.0,22.0,22.0,114.0,15.95%,93,228.0,27853,32433.0,아파트,67.5,20.4
509,858,13.84%,739,39.0,20.0,32.0,114.0,17.66%,151,383.0,45449,82024.0,아파트,97.5,29.5
510,371,11.08%,330,32.0,22.0,27.0,48.0,12.94%,48,153.0,14399,21385.0,아파트,37.5,11.3
511,882,13.96%,759,32.0,19.0,26.0,90.0,20.27%,179,413.0,53635,78965.0,아파트,130.0,39.3
512,509,11.84%,449,42.0,23.0,23.0,40.0,18.37%,93,228.0,28048,37949.0,아파트,67.5,20.4
513,655,12.66%,572,41.0,28.0,26.0,52.0,18.21%,119,306.0,35778,63352.0,아파트,82.5,25.0
514,763,13.33%,661,27.0,24.0,24.0,113.0,12.54%,96,377.0,28681,41583.0,아파트,67.5,20.4
515,485,11.72%,428,46.0,22.0,26.0,100.0,18.49%,90,144.0,26922,60288.0,아파트,67.5,20.4
516,843,13.76%,727,49.0,25.0,37.0,94.0,13.73%,116,406.0,34728,51476.0,아파트,82.5,25.0
517,602,12.32%,528,38.0,23.0,18.0,67.0,13.07%,79,303.0,23625,36602.0,아파트,67.5,20.4
518,1052,14.87%,895,43.0,23.0,22.0,70.0,10.52%,111,626.0,33179,53981.0,아파트,82.5,25.0
519,212,10.3%,190,38.0,24.0,37.0,56.0,0.0%,0,35.0,0,0.0,해당없음,0.0,0.0
520,301,10.66%,269,41.0,18.0,15.0,56.0,12.69%,38,101.0,11455,15894.0,아파트,22.5,6.8
521,709,13.0%,617,34.0,14.0,33.0,71.0,18.54%,131,334.0,39414,64469.0,아파트,82.5,25.0
522,910,14.1%,782,31.0,21.0,29.0,75.0,16.4%,149,477.0,44775,61853.0,아파트,97.5,29.5
523,914,14.12%,785,40.0,24.0,33.0,87.0,21.0%,192,409.0,57595,99774.0,아파트,130.0,39.3
524,923,14.17%,792,46.0,20.0,37.0,66.0,13.66%,126,497.0,37835,67166.0,아파트,82.5,25.0
525,546,12.03%,480,47.0,24.0,21.0,58.0,17.98%,98,232.0,29434,45712.0,아파트,67.5,20.4
526,825,13.67%,712,45.0,23.0,29.0,83.0,16.61%,137,395.0,41111,58411.0,아파트,82.5,25.0
527,1012,14.65%,863,42.0,27.0,14.0,74.0,14.98%,151,555.0,45448,94705.0,아파트,97.5,29.5
528,1189,15.63%,1004,44.0,21.0,17.0,46.0,17.79%,212,664.0,63496,104930.0,아파트,150.0,45.4
529,564,12.12%,496,43.0,17.0,26.0,89.0,20.27%,114,207.0,34307,35937.0,아파트,82.5,25.0
530,534,11.97%,470,42.0,27.0,29.0,46.0,15.69%,84,242.0,25154,44648.0,아파트,67.5,20.4
531,959,14.35%,822,37.0,22.0,26.0,63.0,14.0%,134,540.0,40294,59276.0,아파트,82.5,25.0
532,470,11.63%,415,31.0,27.0,16.0,74.0,15.07%,71,196.0,21248,35609.0,아파트,52.5,15.9
533,424,11.38%,376,45.0,18.0,26.0,73.0,17.02%,72,142.0,21634,21428.0,아파트,52.5,15.9
534,585,12.23%,514,46.0,23.0,19.0,59.0,18.94%,111,256.0,33258,32264.0,아파트,67.5,20.4
535,280,10.57%,251,36.0,18.0,27.0,62.0,13.59%,38,70.0,11424,10620.0,아파트,22.5,6.8
536,917,14.14%,787,37.0,21.0,30.0,70.0,23.99%,220,409.0,65995,86540.0,아파트,130.0,39.3
537,830,13.7%,716,43.0,19.0,30.0,74.0,22.11%,183,367.0,55009,51782.0,아파트,97.5,29.5
538,508,11.84%,448,40.0,23.0,23.0,61.0,22.49%,114,187.0,34285,30337.0,아파트,67.5,20.4
539,1098,15.13%,932,44.0,20.0,30.0,93.0,11.48%,126,619.0,37830,75203.0,아파트,97.5,29.5
540,847,13.78%,730,40.0,29.0,31.0,67.0,12.07%,102,461.0,30658,57559.0,아파트,82.5,25.0
541,1005,14.61%,858,41.0,19.0,22.0,91.0,16.53%,166,519.0,49834,99416.0,아파트,130.0,39.3
542,556,12.08%,489,39.0,25.0,11.0,71.0,18.12%,101,242.0,30224,49718.0,아파트,67.5,20.4
543,247,10.44%,221,42.0,24.0,17.0,67.0,16.28%,40,31.0,12063,15474.0,아파트,22.5,6.8
544,1224,15.82%,1031,36.0,17.0,34.0,82.0,10.65%,130,732.0,39104,72337.0,아파트,82.5,25.0
545,754,13.28%,654,44.0,25.0,18.0,60.0,18.2%,137,370.0,41176,52427.0,아파트,82.5,25.0
546,1050,14.86%,894,45.0,24.0,16.0,91.0,15.68%,165,553.0,49378,80675.0,아파트,130.0,39.3
547,625,12.46%,547,33.0,24.0,36.0,78.0,16.07%,100,276.0,30141,45965.0,아파트,67.5,20.4
548,853,13.82%,735,41.0,24.0,30.0,21.0,15.51%,132,487.0,39697,59220.0,아파트,82.5,25.0
549,682,12.83%,594,46.0,21.0,28.0,71.0,12.32%,84,344.0,25196,48745.0,아파트,67.5,20.4
550,1176,15.56%,993,54.0,22.0,21.0,51.0,12.78%,150,695.0,45097,64685.0,아파트,97.5,29.5
551,644,12.59%,563,51.0,21.0,13.0,75.0,15.41%,99,304.0,29787,32012.0,아파트,67.5,20.4
552,905,14.08%,778,43.0,25.0,17.0,70.0,12.5%,113,510.0,33939,36162.0,아파트,82.5,25.0
553,951,14.31%,815,35.0,26.0,16.0,51.0,12.32%,117,570.0,35159,37208.0,아파트,82.5,25.0
554,704,12.97%,612,35.0,23.0,11.0,59.0,25.21%,177,307.0,53215,83957.0,아파트,97.5,29.5
555,685,12.85%,597,39.0,22.0,21.0,73.0,14.38%,98,344.0,29530,60493.0,아파트,67.5,20.4
556,964,14.37%,826,38.0,23.0,14.0,56.0,19.32%,186,509.0,55871,84363.0,아파트,130.0,39.3
557,668,12.74%,583,37.0,18.0,20.0,61.0,15.41%,103,344.0,30908,42806.0,아파트,67.5,20.4
558,897,14.03%,771,47.0,24.0,18.0,66.0,12.73%,114,502.0,34240,46069.0,아파트,67.5,20.4
559,549,12.04%,483,38.0,16.0,23.0,75.0,12.3%,68,263.0,20253,37133.0,아파트,52.5,15.9
560,798,13.54%,690,49.0,25.0,15.0,63.0,19.11%,152,386.0,45729,66982.0,아파트,97.5,29.5
561,325,10.8%,290,47.0,23.0,35.0,51.0,11.1%,36,98.0,10823,25134.0,아파트,37.5,11.3
562,725,13.1%,630,36.0,22.0,17.0,93.0,13.03%,94,368.0,28345,53461.0,아파트,67.5,20.4
563,950,14.3%,814,45.0,23.0,32.0,30.0,18.76%,178,506.0,53446,87113.0,아파트,97.5,29.5
564,686,12.86%,598,49.0,24.0,13.0,63.0,13.26%,91,358.0,27290,42889.0,아파트,67.5,20.4
565,1164,15.49%,984,48.0,23.0,31.0,62.0,14.98%,174,646.0,52302,89021.0,아파트,97.5,29.5
566,343,10.91%,305,37.0,28.0,19.0,56.0,17.69%,61,104.0,18184,24513.0,아파트,37.5,11.3
567,681,12.83%,594,54.0,27.0,40.0,54.0,14.86%,101,318.0,30351,58614.0,아파트,82.5,25.0
568,825,13.67%,712,31.0,23.0,15.0,70.0,19.11%,158,415.0,47267,79500.0,아파트,97.5,29.5
569,489,11.74%,431,36.0,25.0,20.0,51.0,11.47%,56,243.0,16823,25830.0,아파트,37.5,11.3
570,621,12.44%,544,46.0,18.0,27.0,93.0,20.34%,126,234.0,37909,47829.0,아파트,67.5,20.4
571,630,12.49%,551,29.0,23.0,31.0,67.0,18.34%,115,286.0,34632,72077.0,아파트,82.5,25.0
572,625,12.46%,547,49.0,18.0,26.0,76.0,21.79%,136,242.0,40874,77861.0,아파트,82.5,25.0
573,679,12.81%,592,38.0,15.0,29.0,77.0,14.76%,100,333.0,30062,50807.0,아파트,67.5,20.4
574,600,12.3%,526,44.0,15.0,20.0,64.0,10.51%,63,320.0,18904,21740.0,아파트,52.5,15.9
575,534,11.97%,470,30.0,18.0,26.0,56.0,20.06%,107,233.0,32133,30955.0,아파트,67.5,20.4
576,214,10.31%,192,27.0,23.0,31.0,13.0,19.69%,42,56.0,12626,19171.0,아파트,22.5,6.8
577,633,12.51%,554,36.0,24.0,20.0,65.0,13.82%,87,322.0,26236,25495.0,아파트,67.5,20.4
578,787,13.47%,681,34.0,23.0,25.0,69.0,15.3%,120,410.0,36143,47317.0,아파트,67.5,20.4
579,1700,18.45%,1386,25.0,24.0,22.0,78.0,17.37%,295,942.0,88550,113987.0,아파트,170.0,51.4
580,742,13.2%,644,42.0,21.0,29.0,35.0,10.01%,74,443.0,22288,34523.0,아파트,67.5,20.4
581,934,14.22%,801,38.0,18.0,17.0,75.0,15.66%,146,507.0,43903,68341.0,아파트,97.5,29.5
582,624,12.46%,546,41.0,22.0,27.0,77.0,16.34%,102,277.0,30598,42368.0,아파트,67.5,20.4
583,1199,15.68%,1011,41.0,25.0,23.0,87.0,19.5%,234,601.0,70150,102829.0,아파트,150.0,45.4
584,580,12.2%,509,45.0,21.0,30.0,62.0,19.08%,111,240.0,33204,51883.0,아파트,67.5,20.4
585,814,13.62%,703,37.0,25.0,36.0,80.0,15.43%,126,399.0,37692,70068.0,아파트,82.5,25.0
586,963,14.36%,825,40.0,20.0,31.0,87.0,16.68%,161,486.0,48176,50282.0,아파트,97.5,29.5
587,1108,15.18%,940,29.0,22.0,11.0,61.0,15.65%,173,644.0,52029,56259.0,아파트,130.0,39.3
588,994,14.52%,849,36.0,20.0,24.0,74.0,17.47%,174,521.0,52065,68859.0,아파트,97.5,29.5
589,477,11.67%,421,42.0,14.0,22.0,31.0,15.84%,75,237.0,22647,41494.0,아파트,67.5,20.4
590,1044,14.83%,889,42.0,25.0,40.0,61.0,20.59%,215,506.0,64500,101240.0,아파트,130.0,39.3
591,1174,15.55%,992,37.0,25.0,29.0,49.0,17.56%,206,646.0,61881,108444.0,아파트,130.0,39.3
592,555,12.07%,488,41.0,19.0,14.0,90.0,16.71%,93,231.0,27793,45468.0,아파트,67.5,20.4
593,691,12.89%,602,37.0,26.0,10.0,61.0,17.1%,118,350.0,35436,57238.0,아파트,82.5,25.0
594,292,10.62%,261,40.0,20.0,40.0,88.0,0.0%,0,73.0,0,0.0,해당없음,0.0,0.0
595,779,13.42%,674,47.0,17.0,24.0,64.0,18.6%,145,377.0,43451,59952.0,아파트,82.5,25.0
596,817,13.63%,706,46.0,22.0,23.0,33.0,13.41%,110,472.0,32874,57143.0,아파트,67.5,20.4
597,522,11.91%,460,45.0,26.0,13.0,89.0,16.91%,88,199.0,26474,36907.0,아파트,67.5,20.4
598,1119,15.24%,948,43.0,26.0,22.0,41.0,13.33%,149,667.0,44758,102429.0,아파트,97.5,29.5
599,772,13.38%,669,44.0,19.0,27.0,64.0,15.58%,120,395.0,36071,57917.0,아파트,82.5,25.0
600,293,10.62%,262,37.0,21.0,38.0,81.0,16.17%,47,38.0,14232,22106.0,아파트,37.5,11.3
601,431,11.42%,382,46.0,16.0,33.0,59.0,14.56%,63,165.0,18846,20506.0,아파트,52.5,15.9
602,731,13.13%,635,52.0,22.0,11.0,56.0,14.64%,107,387.0,32084,36274.0,아파트,82.5,25.0
603,1004,14.6%,857,34.0,14.0,22.0,74.0,13.23%,133,580.0,39822,79021.0,아파트,97.5,29.5
604,1043,14.82%,888,41.0,23.0,41.0,29.0,18.8%,196,558.0,58806,56514.0,아파트,130.0,39.3
605,660,12.69%,576,47.0,27.0,18.0,66.0,19.21%,127,291.0,38021,36892.0,아파트,82.5,25.0
606,153,10.0%,138,43.0,24.0,16.0,70.0,0.0%,0,0.0,0,0.0,해당없음,0.0,0.0
607,861,13.86%,742,37.0,25.0,17.0,60.0,18.67%,161,442.0,48237,81604.0,아파트,97.5,29.5
608,900,14.05%,774,45.0,25.0,25.0,86.0,12.47%,112,481.0,33674,52096.0,아파트,82.5,25.0
609,259,10.49%,232,47.0,22.0,29.0,83.0,0.0%,0,51.0,0,0.0,해당없음,0.0,0.0
610,423,11.37%,375,41.0,22.0,18.0,86.0,17.37%,73,135.0,22018,22726.0,아파트,52.5,15.9
611,547,12.03%,481,40.0,23.0,13.0,57.0,19.8%,108,240.0,32478,45177.0,아파트,67.5,20.4
612,830,13.7%,716,40.0,20.0,22.0,37.0,14.96%,124,473.0,37244,53254.0,아파트,82.5,25.0
613,831,13.7%,717,50.0,20.0,26.0,75.0,22.5%,187,359.0,56082,84382.0,아파트,97.5,29.5
614,447,11.51%,396,49.0,24.0,36.0,58.0,12.5%,56,173.0,16774,18719.0,아파트,37.5,11.3
615,1192,15.64%,1005,45.0,24.0,31.0,64.0,18.77%,224,617.0,67091,90783.0,아파트,130.0,39.3
616,1043,14.82%,888,40.0,18.0,14.0,51.0,12.87%,134,631.0,40270,59146.0,아파트,82.5,25.0
617,828,13.69%,715,39.0,22.0,7.0,76.0,16.64%,138,433.0,41345,87438.0,아파트,82.5,25.0
618,315,10.74%,281,52.0,22.0,27.0,35.0,16.77%,53,92.0,15850,25582.0,아파트,37.5,11.3
619,1062,14.92%,903,47.0,26.0,22.0,90.0,19.32%,205,513.0,61533,83324.0,아파트,130.0,39.3
620,583,12.21%,512,41.0,24.0,33.0,50.0,18.02%,105,259.0,31516,27637.0,아파트,67.5,20.4
621,840,13.75%,725,34.0,24.0,25.0,29.0,17.38%,146,467.0,43822,70040.0,아파트,97.5,29.5
622,473,11.65%,418,43.0,18.0,15.0,71.0,15.83%,75,196.0,22481,36211.0,아파트,67.5,20.4
623,814,13.62%,703,37.0,17.0,26.0,97.0,16.14%,131,395.0,39411,63492.0,아파트,82.5,25.0
624,637,12.54%,557,32.0,26.0,18.0,61.0,19.24%,122,298.0,36749,51348.0,아파트,82.5,25.0
625,932,14.21%,799,27.0,25.0,28.0,55.0,14.54%,135,529.0,40633,89974.0,아파트,97.5,29.5
626,732,13.14%,636,33.0,21.0,31.0,74.0,12.34%,90,387.0,27096,43996.0,아파트,67.5,20.4
627,860,13.85%,741,39.0,21.0,22.0,62.0,14.84%,128,469.0,38287,62040.0,아파트,97.5,29.5
628,957,14.34%,820,27.0,23.0,17.0,65.0,19.32%,185,503.0,55487,71243.0,아파트,97.5,29.5
629,867,13.88%,746,42.0,18.0,27.0,52.0,13.61%,118,489.0,35394,55444.0,아파트,82.5,25.0
630,956,14.33%,819,39.0,14.0,16.0,47.0,13.5%,129,574.0,38727,84483.0,아파트,82.5,25.0
631,360,11.01%,320,34.0,21.0,31.0,65.0,12.68%,46,123.0,13699,25472.0,아파트,37.5,11.3
632,607,12.35%,532,37.0,19.0,15.0,46.0,11.89%,72,343.0,21664,32286.0,아파트,52.5,15.9
633,331,10.84%,295,38.0,25.0,22.0,55.0,10.98%,36,119.0,10903,12433.0,아파트,37.5,11.3
634,525,11.93%,463,36.0,21.0,29.0,45.0,14.65%,77,255.0,23084,22959.0,아파트,67.5,20.4
635,572,12.16%,502,33.0,22.0,30.0,71.0,14.38%,82,264.0,24673,40216.0,아파트,67.5,20.4
636,989,14.5%,846,52.0,17.0,25.0,38.0,19.96%,197,517.0,59239,93527.0,아파트,130.0,39.3
637,1074,14.99%,913,37.0,26.0,27.0,91.0,14.74%,158,574.0,47497,88129.0,아파트,97.5,29.5
638,655,12.65%,572,43.0,23.0,18.0,39.0,20.83%,136,313.0,40901,57770.0,아파트,82.5,25.0
639,300,10.65%,268,47.0,19.0,21.0,72.0,12.68%,38,71.0,11415,10296.0,아파트,22.5,6.8
640,798,13.54%,690,40.0,20.0,31.0,41.0,20.34%,162,396.0,48699,66695.0,아파트,97.5,29.5
641,590,12.25%,518,34.0,22.0,33.0,79.0,15.26%,90,260.0,27007,55422.0,아파트,67.5,20.4
642,1039,14.8%,885,41.0,27.0,35.0,75.0,17.89%,186,521.0,55728,83818.0,아파트,130.0,39.3
643,1183,15.59%,998,29.0,21.0,18.0,68.0,14.24%,168,694.0,50533,75807.0,아파트,112.5,34.0
644,500,11.8%,441,42.0,26.0,29.0,84.0,15.03%,75,185.0,22549,30725.0,아파트,52.5,15.9
645,515,11.88%,454,38.0,23.0,24.0,56.0,14.72%,76,237.0,22752,19937.0,아파트,37.5,11.3
646,653,12.64%,570,28.0,21.0,44.0,45.0,14.61%,95,337.0,28596,39047.0,아파트,67.5,20.4
647,799,13.54%,691,48.0,16.0,30.0,75.0,14.4%,115,407.0,34514,58205.0,아파트,82.5,25.0
648,756,13.29%,656,51.0,15.0,31.0,62.0,16.83%,127,370.0,38192,74221.0,아파트,82.5,25.0
649,939,14.25%,806,45.0,20.0,23.0,28.0,22.98%,216,474.0,64749,93428.0,아파트,130.0,39.3
650,899,14.04%,773,44.0,21.0,37.0,61.0,12.61%,113,497.0,34005,38893.0,아파트,82.5,25.0
651,789,13.48%,683,36.0,22.0,39.0,94.0,12.56%,99,393.0,29735,50083.0,아파트,67.5,20.4
652,696,12.92%,606,48.0,18.0,32.0,79.0,17.01%,118,311.0,35509,53833.0,아파트,67.5,20.4
653,1221,15.8%,1028,35.0,24.0,24.0,84.0,13.49%,165,696.0,49407,54459.0,아파트,130.0,39.3
654,701,12.96%,610,42.0,28.0,29.0,47.0,16.23%,114,350.0,34149,55526.0,아파트,67.5,20.4
655,1080,15.02%,918,51.0,26.0,20.0,90.0,12.0%,130,601.0,38891,72899.0,아파트,82.5,25.0
656,546,12.03%,480,48.0,20.0,30.0,37.0,13.27%,72,273.0,21726,30723.0,아파트,52.5,15.9
657,1116,15.22%,946,40.0,22.0,21.0,62.0,14.35%,160,641.0,48034,77557.0,아파트,130.0,39.3
658,1095,15.11%,930,27.0,23.0,26.0,36.0,13.23%,145,673.0,43457,75569.0,아파트,97.5,29.5
659,494,11.77%,436,58.0,20.0,13.0,79.0,12.11%,60,206.0,17947,28668.0,아파트,37.5,11.3
660,835,13.72%,720,35.0,22.0,16.0,87.0,17.51%,146,414.0,43865,45863.0,아파트,97.5,29.5
661,1009,14.63%,862,40.0,21.0,35.0,63.0,18.41%,186,517.0,55749,53240.0,아파트,112.5,34.0
662,468,11.63%,414,42.0,28.0,15.0,58.0,19.48%,91,180.0,27376,25245.0,아파트,67.5,20.4
663,854,13.82%,736,36.0,19.0,29.0,96.0,15.17%,129,427.0,38840,59340.0,아파트,82.5,25.0
664,801,13.55%,692,38.0,17.0,23.0,85.0,11.1%,89,440.0,26668,41223.0,아파트,67.5,20.4
665,868,13.89%,747,39.0,20.0,16.0,80.0,12.88%,112,480.0,33520,49304.0,아파트,82.5,25.0
666,974,14.42%,833,33.0,28.0,28.0,78.0,15.48%,151,515.0,45210,86047.0,아파트,97.5,29.5
667,430,11.41%,381,37.0,24.0,26.0,102.0,16.73%,72,120.0,21576,27021.0,아파트,37.5,11.3
668,923,14.17%,793,41.0,17.0,34.0,39.0,20.39%,188,474.0,56487,86305.0,아파트,97.5,29.5
669,1146,15.39%,969,39.0,26.0,27.0,62.0,20.87%,239,576.0,71735,101322.0,아파트,150.0,45.4
670,628,12.48%,550,40.0,23.0,22.0,62.0,24.01%,151,252.0,45248,58885.0,아파트,82.5,25.0
671,713,13.03%,620,41.0,15.0,30.0,49.0,19.11%,136,349.0,40893,58070.0,아파트,82.5,25.0
672,475,11.66%,420,32.0,18.0,13.0,54.0,17.11%,81,222.0,24401,48822.0,아파트,67.5,20.4
673,1224,15.82%,1030,38.0,23.0,27.0,60.0,11.17%,137,745.0,41032,79697.0,아파트,97.5,29.5
674,735,13.16%,638,37.0,27.0,39.0,40.0,18.55%,136,359.0,40875,38096.0,아파트,82.5,25.0
675,506,11.83%,447,39.0,20.0,28.0,58.0,13.75%,70,232.0,20885,48413.0,아파트,67.5,20.4
676,1275,16.1%,1070,48.0,21.0,34.0,77.0,17.25%,220,670.0,66006,103511.0,아파트,130.0,39.3
677,617,12.41%,541,34.0,28.0,29.0,63.0,22.29%,138,249.0,41289,38210.0,아파트,82.5,25.0
678,373,11.09%,332,35.0,24.0,25.0,111.0,16.77%,63,74.0,18773,17717.0,아파트,37.5,11.3
679,419,11.36%,372,40.0,27.0,43.0,67.0,15.01%,63,132.0,18879,31090.0,아파트,52.5,15.9
680,872,13.91%,750,41.0,25.0,22.0,63.0,12.99%,113,486.0,33981,51438.0,아파트,82.5,25.0
681,143,10.0%,129,50.0,24.0,21.0,90.0,0.0%,0,0.0,0,0.0,해당없음,0.0,0.0
682,591,12.25%,518,42.0,32.0,18.0,53.0,14.66%,87,286.0,25977,39804.0,아파트,67.5,20.4
683,718,13.06%,624,39.0,23.0,13.0,42.0,17.7%,127,380.0,38123,56728.0,아파트,82.5,25.0
684,607,12.34%,532,42.0,23.0,25.0,32.0,11.71%,71,339.0,21322,34528.0,아파트,67.5,20.4
685,1010,14.64%,862,40.0,28.0,26.0,93.0,18.54%,187,488.0,56168,49934.0,아파트,97.5,29.5
686,866,13.88%,746,44.0,28.0,25.0,89.0,14.24%,123,437.0,36986,52037.0,아파트,82.5,25.0
687,968,14.39%,828,37.0,22.0,11.0,70.0,10.97%,106,582.0,31851,48179.0,아파트,82.5,25.0
688,788,13.48%,682,42.0,24.0,36.0,72.0,12.9%,102,406.0,30519,44920.0,아파트,67.5,20.4
689,478,11.68%,422,35.0,21.0,22.0,65.0,18.07%,86,193.0,25920,54513.0,아파트,67.5,20.4
690,638,12.55%,558,35.0,24.0,19.0,10.0,14.52%,93,377.0,27801,27024.0,아파트,67.5,20.4
691,1248,15.95%,1049,41.0,23.0,25.0,50.0,12.52%,156,754.0,46885,46676.0,아파트,97.5,29.5
692,1162,15.48%,982,53.0,26.0,35.0,63.0,14.35%,167,638.0,50042,44687.0,아파트,97.5,29.5
693,431,11.42%,382,38.0,22.0,22.0,65.0,13.86%,60,175.0,17928,25634.0,아파트,37.5,11.3
694,731,13.14%,635,39.0,25.0,14.0,52.0,18.82%,138,367.0,41277,62036.0,아파트,82.5,25.0
695,444,11.49%,393,45.0,18.0,33.0,88.0,15.1%,67,142.0,20099,26093.0,아파트,37.5,11.3
696,680,12.82%,593,30.0,22.0,25.0,42.0,21.29%,145,329.0,43457,67721.0,아파트,97.5,29.5
697,629,12.49%,551,47.0,27.0,18.0,36.0,15.76%,99,324.0,29753,37848.0,아파트,67.5,20.4
698,674,12.78%,588,40.0,26.0,19.0,70.0,15.27%,103,330.0,30906,49587.0,아파트,82.5,25.0
699,1220,15.8%,1027,42.0,24.0,22.0,53.0,17.0%,207,679.0,62224,81499.0,아파트,130.0,39.3
700,1038,14.79%,884,32.0,21.0,25.0,63.0,21.82%,227,516.0,67953,100504.0,아파트,150.0,45.4
701,422,11.37%,374,37.0,25.0,32.0,57.0,19.06%,81,142.0,24151,21797.0,아파트,52.5,15.9
702,1048,14.85%,892,40.0,29.0,10.0,77.0,20.55%,215,521.0,64583,100178.0,아파트,130.0,39.3
703,868,13.89%,747,36.0,23.0,36.0,23.0,15.68%,136,493.0,40813,53618.0,아파트,82.5,25.0
704,874,13.92%,753,27.0,22.0,33.0,52.0,14.54%,127,492.0,38145,50323.0,아파트,82.5,25.0
705,470,11.64%,416,34.0,35.0,8.0,44.0,11.31%,53,242.0,15964,24154.0,아파트,37.5,11.3
706,1114,15.21%,945,41.0,19.0,13.0,104.0,12.59%,140,628.0,42094,99054.0,아파트,97.5,29.5
707,1138,15.34%,963,41.0,18.0,26.0,65.0,15.53%,177,636.0,53008,54520.0,아파트,130.0,39.3
708,833,13.72%,719,51.0,32.0,15.0,88.0,12.4%,103,430.0,30998,34187.0,아파트,82.5,25.0
709,829,13.69%,715,42.0,27.0,16.0,58.0,17.17%,142,430.0,42690,57768.0,아파트,82.5,25.0
710,625,12.46%,547,35.0,23.0,41.0,33.0,11.83%,74,341.0,22182,33147.0,아파트,67.5,20.4
711,746,13.22%,647,40.0,23.0,22.0,41.0,18.92%,141,380.0,42305,53206.0,아파트,82.5,25.0
712,809,13.6%,699,39.0,18.0,35.0,69.0,16.11%,130,408.0,39112,77881.0,아파트,82.5,25.0
713,766,13.34%,664,41.0,32.0,29.0,63.0,18.4%,141,358.0,42279,55303.0,아파트,82.5,25.0
714,682,12.83%,594,40.0,21.0,24.0,42.0,14.06%,96,371.0,28749,55064.0,아파트,67.5,20.4
715,822,13.66%,710,36.0,21.0,13.0,41.0,17.09%,141,458.0,42164,54588.0,아파트,82.5,25.0
716,1265,16.05%,1062,54.0,26.0,11.0,68.0,15.68%,198,705.0,59523,91043.0,아파트,112.5,34.0
717,441,11.48%,391,44.0,21.0,35.0,53.0,14.53%,64,174.0,19248,27599.0,아파트,37.5,11.3
718,1011,14.64%,863,45.0,31.0,9.0,87.0,17.4%,176,515.0,52756,73145.0,아파트,97.5,29.5
719,1030,14.75%,878,36.0,29.0,24.0,58.0,21.36%,220,511.0,65968,127037.0,아파트,130.0,39.3
720,555,12.07%,488,38.0,30.0,24.0,92.0,13.35%,74,230.0,22215,24490.0,아파트,67.5,20.4
721,563,12.11%,495,38.0,31.0,9.0,61.0,18.44%,104,252.0,31130,64435.0,아파트,67.5,20.4
722,761,13.32%,660,41.0,21.0,26.0,86.0,18.89%,144,342.0,43163,63500.0,아파트,97.5,29.5
723,930,14.2%,798,38.0,20.0,29.0,80.0,14.25%,133,498.0,39761,91618.0,아파트,97.5,29.5
724,422,11.37%,374,43.0,19.0,20.0,106.0,12.11%,51,135.0,15342,22779.0,아파트,37.5,11.3
725,525,11.92%,462,36.0,24.0,10.0,53.0,16.98%,89,250.0,26739,52290.0,아파트,67.5,20.4
726,897,14.04%,771,33.0,19.0,27.0,81.0,16.55%,148,463.0,44536,51515.0,아파트,97.5,29.5
727,818,13.64%,706,37.0,22.0,24.0,71.0,14.39%,118,434.0,35284,56272.0,아파트,82.5,25.0
728,634,12.52%,554,43.0,21.0,26.0,42.0,15.77%,100,322.0,29975,45380.0,아파트,67.5,20.4
729,485,11.72%,428,42.0,22.0,29.0,45.0,13.58%,66,224.0,19752,33388.0,아파트,37.5,11.3
730,852,13.81%,734,44.0,22.0,16.0,77.0,23.97%,204,371.0,61242,54048.0,아파트,130.0,39.3
731,841,13.76%,725,40.0,17.0,24.0,108.0,16.44%,138,398.0,41480,60422.0,아파트,82.5,25.0
732,666,12.73%,582,33.0,21.0,23.0,90.0,13.61%,91,324.0,27213,41085.0,아파트,67.5,20.4
733,450,11.53%,398,43.0,26.0,19.0,80.0,13.14%,59,171.0,17747,17716.0,아파트,37.5,11.3
734,1001,14.59%,855,40.0,15.0,25.0,53.0,15.4%,154,568.0,46254,67239.0,아파트,97.5,29.5
735,771,13.38%,668,37.0,22.0,29.0,60.0,15.52%,120,400.0,35893,69343.0,아파트,82.5,25.0
736,483,11.71%,427,44.0,24.0,40.0,73.0,10.3%,50,196.0,14939,20517.0,아파트,37.5,11.3
737,548,12.04%,482,50.0,23.0,32.0,66.0,10.13%,56,255.0,16659,25901.0,아파트,37.5,11.3
738,882,13.96%,759,41.0,29.0,23.0,74.0,14.95%,132,460.0,39554,79227.0,아파트,82.5,25.0
739,677,12.8%,591,44.0,20.0,29.0,53.0,19.24%,130,315.0,39088,37479.0,아파트,82.5,25.0
740,1010,14.64%,862,51.0,19.0,14.0,54.0,14.9%,151,573.0,45153,71626.0,아파트,97.5,29.5
741,827,13.69%,714,37.0,25.0,27.0,72.0,13.91%,115,438.0,34527,67670.0,아파트,82.5,25.0
742,407,11.29%,361,36.0,25.0,6.0,76.0,14.05%,57,161.0,17159,27232.0,아파트,37.5,11.3
743,715,13.04%,622,54.0,30.0,22.0,59.0,15.55%,111,346.0,33365,57862.0,아파트,82.5,25.0
744,993,14.52%,849,45.0,22.0,9.0,56.0,10.38%,103,614.0,30945,60713.0,아파트,82.5,25.0
745,894,14.02%,768,45.0,23.0,13.0,20.0,16.0%,143,524.0,42906,37591.0,아파트,82.5,25.0
746,960,14.35%,822,36.0,15.0,21.0,65.0,13.92%,134,551.0,40096,65564.0,아파트,97.5,29.5
747,724,13.09%,629,38.0,26.0,20.0,34.0,14.34%,104,407.0,31136,50558.0,아파트,67.5,20.4
748,581,12.21%,510,47.0,20.0,28.0,46.0,21.56%,125,244.0,37582,33019.0,아파트,67.5,20.4
749,710,13.01%,617,34.0,25.0,41.0,39.0,17.56%,125,353.0,37386,40397.0,아파트,82.5,25.0
750,664,12.72%,580,43.0,28.0,23.0,59.0,12.25%,81,346.0,24417,46622.0,아파트,67.5,20.4
751,302,10.66%,270,47.0,27.0,31.0,77.0,15.17%,46,42.0,13763,26455.0,아파트,37.5,11.3
752,902,14.06%,775,39.0,24.0,39.0,66.0,12.46%,112,495.0,33718,51037.0,아파트,82.5,25.0
753,822,13.66%,710,42.0,34.0,40.0,53.0,11.21%,92,449.0,27643,64628.0,아파트,67.5,20.4
754,1080,15.02%,917,43.0,22.0,20.0,45.0,16.03%,173,614.0,51904,84348.0,아파트,97.5,29.5
755,941,14.25%,807,37.0,24.0,9.0,82.0,12.3%,116,539.0,34719,82198.0,아파트,82.5,25.0
756,778,13.42%,674,42.0,26.0,16.0,90.0,16.05%,125,375.0,37462,77392.0,아파트,82.5,25.0
757,673,12.78%,587,56.0,21.0,31.0,94.0,20.31%,137,248.0,41036,51338.0,아파트,82.5,25.0
758,971,14.4%,831,38.0,27.0,29.0,72.0,14.34%,139,526.0,41769,65710.0,아파트,82.5,25.0
759,732,13.14%,636,48.0,32.0,16.0,53.0,19.5%,143,344.0,42836,71093.0,아파트,82.5,25.0
760,454,11.55%,402,33.0,24.0,28.0,63.0,19.43%,88,166.0,26483,48060.0,아파트,67.5,20.4
761,952,14.31%,816,47.0,20.0,38.0,95.0,16.12%,153,463.0,46039,76225.0,아파트,97.5,29.5
762,557,12.09%,490,50.0,25.0,31.0,51.0,21.87%,122,211.0,36569,36289.0,아파트,82.5,25.0
763,348,10.94%,310,43.0,25.0,26.0,49.0,15.2%,53,114.0,15889,23188.0,아파트,37.5,11.3
764,713,13.03%,620,44.0,30.0,33.0,65.0,17.43%,124,324.0,37265,59515.0,아파트,82.5,25.0
765,1124,15.27%,952,40.0,32.0,39.0,87.0,15.5%,174,580.0,52256,80671.0,아파트,97.5,29.5
766,764,13.34%,663,43.0,31.0,17.0,54.0,17.93%,137,381.0,41116,71510.0,아파트,82.5,25.0
767,713,13.03%,621,60.0,29.0,19.0,63.0,18.99%,136,314.0,40657,63634.0,아파트,97.5,29.5
768,657,12.67%,574,37.0,27.0,10.0,107.0,15.64%,103,290.0,30824,45764.0,아파트,67.5,20.4
769,1034,14.77%,881,47.0,22.0,26.0,39.0,14.59%,151,596.0,45276,79567.0,아파트,97.5,29.5
770,680,12.82%,593,48.0,30.0,16.0,67.0,18.64%,127,305.0,38035,49686.0,아파트,82.5,25.0
771,778,13.42%,673,37.0,29.0,23.0,71.0,15.51%,121,392.0,36202,33937.0,아파트,82.5,25.0
772,699,12.95%,609,41.0,30.0,25.0,51.0,21.84%,153,309.0,45818,60778.0,아파트,82.5,25.0
773,627,12.47%,549,51.0,36.0,33.0,93.0,14.19%,89,247.0,26681,64242.0,아파트,67.5,20.4
774,454,11.55%,401,32.0,24.0,15.0,52.0,18.69%,85,193.0,25447,44694.0,아파트,67.5,20.4
775,1129,15.3%,956,46.0,31.0,12.0,73.0,12.7%,143,651.0,43028,61798.0,아파트,97.5,29.5
776,896,14.03%,771,37.0,19.0,20.0,78.0,11.08%,99,518.0,29791,34535.0,아파트,82.5,25.0
777,958,14.34%,820,30.0,30.0,28.0,88.0,16.32%,156,488.0,46883,71911.0,아파트,97.5,29.5
778,999,14.54%,854,58.0,23.0,9.0,70.0,14.12%,141,553.0,42312,67513.0,아파트,82.5,25.0
779,1079,15.02%,917,54.0,34.0,30.0,87.0,13.74%,148,564.0,44501,85114.0,아파트,97.5,29.5
780,672,12.77%,586,48.0,33.0,19.0,106.0,16.5%,111,269.0,33267,47049.0,아파트,67.5,20.4
781,733,13.15%,637,51.0,18.0,33.0,68.0,16.78%,123,344.0,36904,40172.0,아파트,82.5,25.0
782,447,11.51%,396,49.0,32.0,20.0,40.0,19.24%,86,169.0,25818,62143.0,아파트,67.5,20.4
783,793,13.51%,686,36.0,31.0,46.0,84.0,17.29%,137,352.0,41158,63492.0,아파트,97.5,29.5
784,1303,16.26%,1091,51.0,25.0,12.0,67.0,18.7%,244,692.0,73104,91935.0,아파트,130.0,39.3
785,729,13.13%,634,45.0,28.0,14.0,71.0,22.83%,167,309.0,49962,78856.0,아파트,97.5,29.5
786,993,14.52%,849,49.0,30.0,40.0,73.0,17.69%,176,481.0,52696,96486.0,아파트,97.5,29.5
787,919,14.15%,789,54.0,19.0,28.0,52.0,19.08%,175,461.0,52620,90521.0,아파트,97.5,29.5
788,917,14.13%,787,52.0,19.0,4.0,71.0,13.65%,125,516.0,37549,60374.0,아파트,82.5,25.0
789,1056,14.89%,899,47.0,33.0,24.0,40.0,17.02%,180,575.0,53941,76017.0,아파트,112.5,34.0
790,952,14.31%,816,35.0,31.0,35.0,71.0,13.44%,128,516.0,38396,38903.0,아파트,82.5,25.0
791,658,12.67%,574,44.0,31.0,41.0,71.0,17.62%,116,271.0,34751,31638.0,아파트,67.5,20.4
792,626,12.47%,548,59.0,31.0,36.0,67.0,14.15%,89,266.0,26569,42880.0,아파트,67.5,20.4
793,912,14.11%,784,44.0,24.0,48.0,101.0,13.72%,125,442.0,37568,37694.0,아파트,82.5,25.0
794,714,13.03%,621,44.0,26.0,26.0,84.0,15.76%,112,329.0,33748,64282.0,아파트,82.5,25.0
795,868,13.89%,747,43.0,27.0,26.0,49.0,12.6%,109,493.0,32783,34512.0,아파트,82.5,25.0
796,1174,15.54%,991,52.0,34.0,20.0,82.0,19.49%,229,574.0,68636,91825.0,아파트,130.0,39.3
797,273,10.54%,244,54.0,24.0,42.0,59.0,0.0%,0,65.0,0,0.0,해당없음,0.0,0.0
798,376,11.1%,334,39.0,16.0,37.0,26.0,13.59%,51,165.0,15309,22021.0,아파트,37.5,11.3
799,825,13.67%,712,38.0,25.0,44.0,74.0,16.61%,137,394.0,41100,60873.0,아파트,82.5,25.0
800,592,12.26%,519,53.0,26.0,36.0,44.0,14.97%,89,271.0,26572,46968.0,아파트,67.5,20.4
801,972,14.41%,832,32.0,22.0,24.0,80.0,15.4%,150,524.0,44928,64935.0,아파트,97.5,29.5
802,823,13.67%,711,36.0,22.0,30.0,82.0,18.17%,150,391.0,44893,71165.0,아파트,82.5,25.0
803,666,12.73%,581,39.0,28.0,17.0,72.0,21.3%,142,283.0,42552,54665.0,아파트,82.5,25.0
804,1385,16.71%,1154,43.0,22.0,33.0,55.0,21.04%,291,710.0,87444,77378.0,아파트,170.0,51.4
805,734,13.16%,638,46.0,24.0,47.0,87.0,21.0%,154,280.0,46255,61072.0,아파트,97.5,29.5
806,1043,14.82%,888,44.0,24.0,1.0,54.0,18.86%,197,568.0,59017,89004.0,아파트,130.0,39.3
807,1068,14.96%,908,47.0,26.0,25.0,58.0,20.17%,215,537.0,64617,105121.0,아파트,130.0,39.3
808,871,13.91%,750,53.0,22.0,26.0,84.0,18.22%,159,406.0,47606,83092.0,아파트,97.5,29.5
809,709,13.0%,617,48.0,34.0,27.0,75.0,14.01%,99,334.0,29798,32044.0,아파트,67.5,20.4
810,624,12.46%,547,41.0,25.0,21.0,57.0,15.07%,94,309.0,28233,25728.0,아파트,67.5,20.4
811,871,13.91%,750,58.0,34.0,34.0,70.0,16.11%,140,414.0,42109,69294.0,아파트,97.5,29.5
812,1014,14.66%,865,54.0,26.0,38.0,53.0,12.01%,122,572.0,36509,67838.0,아파트,67.5,20.4
813,652,12.64%,570,40.0,31.0,19.0,96.0,16.82%,110,274.0,32898,33265.0,아파트,67.5,20.4
814,967,14.39%,828,37.0,22.0,28.0,65.0,17.64%,171,505.0,51187,84439.0,아파트,97.5,29.5
815,847,13.79%,730,43.0,21.0,25.0,67.0,15.05%,127,447.0,38236,52245.0,아파트,82.5,25.0
816,983,14.47%,841,45.0,35.0,7.0,107.0,20.3%,200,447.0,59879,76864.0,아파트,130.0,39.3
817,759,13.3%,658,43.0,22.0,37.0,69.0,13.57%,103,384.0,30900,42484.0,아파트,67.5,20.4
818,530,11.95%,467,52.0,24.0,30.0,84.0,13.59%,72,205.0,21605,29892.0,아파트,52.5,15.9
819,548,12.04%,482,44.0,23.0,25.0,75.0,16.19%,89,226.0,26586,43348.0,아파트,67.5,20.4
820,425,11.39%,377,44.0,31.0,36.0,62.0,17.41%,74,130.0,22199,22083.0,아파트,52.5,15.9
821,881,13.96%,758,40.0,29.0,29.0,84.0,13.79%,121,455.0,36442,40489.0,아파트,82.5,25.0
822,1117,15.23%,947,44.0,33.0,12.0,116.0,16.68%,186,556.0,55914,52361.0,아파트,97.5,29.5
823,720,13.07%,626,42.0,21.0,23.0,50.0,18.91%,136,354.0,40853,58159.0,아파트,82.5,25.0
824,659,12.68%,575,40.0,34.0,32.0,80.0,13.21%,87,302.0,26092,35448.0,아파트,67.5,20.4
825,531,11.95%,467,40.0,41.0,18.0,86.0,10.31%,55,227.0,16424,26999.0,아파트,37.5,11.3
826,754,13.27%,654,35.0,27.0,38.0,79.0,12.09%,91,384.0,27345,44322.0,아파트,67.5,20.4
827,716,13.05%,622,42.0,28.0,34.0,79.0,16.71%,120,319.0,35886,48282.0,아파트,82.5,25.0
828,979,14.45%,838,54.0,28.0,31.0,48.0,14.92%,146,531.0,43848,71364.0,아파트,97.5,29.5
829,129,10.0%,116,38.0,27.0,22.0,91.0,0.0%,0,0.0,0,0.0,해당없음,0.0,0.0
830,802,13.56%,693,37.0,24.0,20.0,83.0,13.94%,112,417.0,33514,65473.0,아파트,82.5,25.0
831,761,13.31%,659,36.0,24.0,21.0,83.0,14.0%,106,389.0,31941,37115.0,아파트,82.5,25.0
832,821,13.65%,709,53.0,27.0,9.0,75.0,13.45%,110,435.0,33118,60687.0,아파트,67.5,20.4
833,1025,14.72%,874,43.0,24.0,40.0,51.0,17.13%,176,540.0,52687,49339.0,아파트,97.5,29.5
834,414,11.33%,367,42.0,26.0,18.0,70.0,15.49%,64,147.0,19234,41586.0,아파트,37.5,11.3
835,946,14.28%,811,48.0,27.0,49.0,65.0,19.48%,184,438.0,55300,100652.0,아파트,130.0,39.3
836,890,14.0%,766,40.0,24.0,20.0,69.0,15.9%,142,471.0,42471,76074.0,아파트,97.5,29.5
837,912,14.11%,783,58.0,23.0,22.0,56.0,15.53%,142,482.0,42475,81583.0,아파트,82.5,25.0
838,921,14.16%,791,46.0,31.0,4.0,30.0,14.54%,134,546.0,40172,38401.0,아파트,82.5,25.0
839,688,12.87%,599,48.0,20.0,1.0,85.0,10.61%,73,372.0,21881,24044.0,아파트,67.5,20.4
840,881,13.96%,758,40.0,24.0,20.0,84.0,15.18%,134,456.0,40130,63215.0,아파트,97.5,29.5
841,654,12.65%,571,51.0,20.0,19.0,51.0,15.08%,99,331.0,29576,47729.0,아파트,67.5,20.4
842,750,13.25%,651,41.0,31.0,11.0,79.0,18.57%,139,350.0,41807,57109.0,아파트,82.5,25.0
843,964,14.37%,825,52.0,27.0,33.0,28.0,16.58%,160,525.0,47920,63649.0,아파트,97.5,29.5
844,192,10.0%,173,47.0,29.0,40.0,44.0,0.0%,0,13.0,0,0.0,해당없음,0.0,0.0
845,953,14.32%,817,42.0,25.0,28.0,80.0,15.59%,149,493.0,44599,68298.0,아파트,97.5,29.5
846,407,11.29%,361,52.0,29.0,35.0,43.0,14.91%,61,141.0,18181,30091.0,아파트,52.5,15.9
847,509,11.84%,449,45.0,23.0,39.0,61.0,14.64%,75,206.0,22358,36270.0,아파트,67.5,20.4
848,336,10.86%,299,52.0,27.0,35.0,75.0,17.9%,60,50.0,18029,32943.0,아파트,37.5,11.3
849,414,11.33%,367,45.0,37.0,33.0,67.0,11.69%,48,137.0,14514,22021.0,아파트,37.5,11.3
850,1099,15.13%,933,46.0,25.0,18.0,72.0,18.86%,207,565.0,62176,82478.0,아파트,130.0,39.3
851,1088,15.07%,924,43.0,35.0,26.0,47.0,17.27%,188,585.0,56388,77784.0,아파트,130.0,39.3
852,1078,15.02%,916,39.0,31.0,23.0,78.0,18.54%,200,545.0,59984,106420.0,아파트,130.0,39.3
853,947,14.28%,811,48.0,25.0,14.0,104.0,15.43%,146,474.0,43824,47848.0,아파트,97.5,29.5
854,783,13.45%,678,43.0,23.0,21.0,39.0,16.41%,128,424.0,38542,89522.0,아파트,97.5,29.5
855,791,13.5%,684,41.0,24.0,27.0,70.0,15.79%,125,397.0,37462,51814.0,아파트,82.5,25.0
856,1365,16.6%,1138,34.0,29.0,38.0,62.0,17.36%,237,738.0,71085,94162.0,아파트,150.0,45.4
857,871,13.9%,750,45.0,23.0,42.0,94.0,16.27%,142,404.0,42506,84571.0,아파트,82.5,25.0
858,951,14.3%,815,45.0,21.0,29.0,93.0,14.61%,139,488.0,41661,85556.0,아파트,82.5,25.0
859,418,11.35%,371,39.0,27.0,23.0,53.0,10.5%,44,185.0,13167,21643.0,아파트,37.5,11.3
860,707,12.99%,615,34.0,25.0,36.0,42.0,23.29%,165,313.0,49383,43553.0,아파트,97.5,29.5
861,399,11.25%,355,39.0,26.0,26.0,62.0,19.85%,79,123.0,23792,37579.0,아파트,52.5,15.9
862,829,13.7%,715,36.0,28.0,28.0,67.0,10.47%,87,469.0,26044,39547.0,아파트,67.5,20.4
863,1081,15.03%,918,42.0,33.0,26.0,76.0,18.06%,195,546.0,58560,73568.0,아파트,97.5,29.5
864,812,13.61%,702,37.0,33.0,15.0,64.0,19.34%,157,396.0,47121,45788.0,아파트,97.5,29.5
865,1089,15.07%,925,40.0,24.0,41.0,55.0,18.41%,200,565.0,60135,83930.0,아파트,130.0,39.3
866,996,14.53%,851,37.0,32.0,24.0,77.0,17.23%,172,509.0,51455,82370.0,아파트,97.5,29.5
867,649,12.62%,567,36.0,28.0,9.0,77.0,16.91%,110,307.0,32906,43164.0,아파트,67.5,20.4
868,1064,14.93%,905,39.0,33.0,41.0,57.0,20.65%,220,515.0,65886,130638.0,아파트,130.0,39.3
869,825,13.67%,712,43.0,17.0,19.0,63.0,12.25%,101,469.0,30297,33899.0,아파트,82.5,25.0
870,285,10.59%,255,44.0,30.0,13.0,69.0,14.42%,41,58.0,12322,12919.0,아파트,37.5,11.3
871,1005,14.61%,858,41.0,26.0,30.0,98.0,25.83%,260,403.0,77868,99117.0,아파트,150.0,45.4
872,898,14.04%,772,40.0,24.0,37.0,50.0,16.95%,152,469.0,45660,84959.0,아파트,97.5,29.5
873,1366,16.61%,1139,40.0,28.0,18.0,66.0,10.52%,144,843.0,43128,92725.0,아파트,97.5,29.5
874,362,11.02%,322,44.0,25.0,32.0,105.0,10.41%,38,78.0,11293,19744.0,아파트,22.5,6.8
875,986,14.48%,844,30.0,38.0,28.0,69.0,14.95%,147,532.0,44230,45010.0,아파트,97.5,29.5
876,859,13.84%,740,45.0,24.0,30.0,60.0,15.6%,134,447.0,40192,80652.0,아파트,82.5,25.0
877,712,13.02%,619,38.0,23.0,33.0,86.0,16.38%,117,322.0,34972,64302.0,아파트,67.5,20.4
878,952,14.31%,816,45.0,26.0,26.0,100.0,12.22%,116,503.0,34914,37708.0,아파트,82.5,25.0
879,462,11.59%,409,41.0,25.0,39.0,97.0,13.11%,61,146.0,18185,29128.0,아파트,52.5,15.9
880,945,14.27%,810,51.0,22.0,33.0,69.0,12.49%,118,517.0,35421,55389.0,아파트,82.5,25.0
881,1039,14.8%,885,42.0,24.0,31.0,88.0,16.89%,175,525.0,52649,67725.0,아파트,97.5,29.5
882,643,12.58%,562,43.0,24.0,5.0,66.0,12.36%,79,345.0,23833,47395.0,아파트,52.5,15.9
883,977,14.43%,836,39.0,18.0,25.0,29.0,14.53%,142,583.0,42563,45337.0,아파트,97.5,29.5
884,1176,15.55%,993,44.0,36.0,38.0,55.0,14.74%,173,647.0,52000,68135.0,아파트,97.5,29.5
885,521,11.91%,459,49.0,29.0,28.0,61.0,19.39%,101,191.0,30308,39245.0,아파트,67.5,20.4
886,352,10.96%,313,36.0,27.0,26.0,57.0,18.02%,63,104.0,19001,24699.0,아파트,37.5,11.3
887,1000,14.55%,854,42.0,22.0,25.0,77.0,17.39%,174,514.0,52148,79841.0,아파트,97.5,29.5
888,463,11.59%,409,43.0,30.0,38.0,36.0,12.55%,58,204.0,17414,26772.0,아파트,37.5,11.3
889,618,12.42%,542,39.0,27.0,34.0,114.0,21.25%,131,197.0,39412,52479.0,아파트,82.5,25.0
890,688,12.87%,599,34.0,35.0,30.0,98.0,16.6%,114,288.0,34264,71784.0,아파트,82.5,25.0
891,893,14.02%,768,42.0,21.0,14.0,84.0,18.1%,162,445.0,48489,75724.0,아파트,97.5,29.5
892,1128,15.29%,956,62.0,32.0,41.0,57.0,17.99%,203,561.0,60894,81660.0,아파트,130.0,39.3
893,515,11.87%,454,59.0,29.0,26.0,90.0,16.6%,85,165.0,25642,33950.0,아파트,67.5,20.4
894,902,14.06%,775,46.0,29.0,31.0,92.0,16.56%,149,428.0,44819,61292.0,아파트,97.5,29.5
895,952,14.31%,816,42.0,31.0,15.0,100.0,13.82%,132,496.0,39480,74550.0,아파트,97.5,29.5
896,505,11.82%,445,52.0,26.0,37.0,77.0,10.83%,55,198.0,16412,27778.0,아파트,37.5,11.3
897,400,11.25%,355,46.0,25.0,43.0,72.0,15.81%,63,106.0,18981,23818.0,아파트,37.5,11.3
898,921,14.15%,791,38.0,25.0,20.0,81.0,22.46%,207,420.0,62044,94546.0,아파트,130.0,39.3
899,1256,16.0%,1055,33.0,28.0,7.0,44.0,20.39%,256,687.0,76861,88399.0,아파트,170.0,51.4
900,567,12.13%,498,42.0,25.0,34.0,78.0,11.43%,65,254.0,19438,21497.0,아파트,52.5,15.9
901,917,14.13%,787,48.0,31.0,36.0,68.0,13.31%,122,482.0,36614,58457.0,아파트,82.5,25.0
902,507,11.83%,447,46.0,24.0,21.0,68.0,20.37%,103,185.0,30983,41576.0,아파트,67.5,20.4
903,579,12.19%,508,43.0,28.0,34.0,50.0,18.48%,107,246.0,32080,29410.0,아파트,67.5,20.4
904,690,12.88%,601,51.0,33.0,44.0,87.0,16.3%,112,274.0,33743,63002.0,아파트,82.5,25.0
905,1117,15.23%,947,39.0,27.0,25.0,58.0,13.84%,155,643.0,46375,66140.0,아파트,97.5,29.5
906,861,13.86%,742,48.0,31.0,21.0,105.0,15.88%,137,400.0,41031,64100.0,아파트,82.5,25.0
907,651,12.63%,569,53.0,25.0,29.0,96.0,13.84%,90,276.0,27015,43423.0,아파트,67.5,20.4
908,545,12.03%,480,53.0,25.0,22.0,78.0,18.6%,101,201.0,30433,51548.0,아파트,67.5,20.4
909,970,14.4%,831,51.0,27.0,27.0,78.0,15.58%,151,497.0,45348,63153.0,아파트,97.5,29.5
910,1182,15.59%,998,52.0,34.0,17.0,72.0,16.03%,189,634.0,56827,80988.0,아파트,130.0,39.3
911,739,13.18%,641,41.0,26.0,25.0,100.0,14.74%,109,340.0,32671,49539.0,아파트,82.5,25.0
912,538,11.99%,473,52.0,21.0,30.0,111.0,12.53%,67,192.0,20205,28338.0,아파트,37.5,11.3
913,668,12.74%,583,54.0,22.0,44.0,83.0,18.14%,121,259.0,36367,59152.0,아파트,82.5,25.0
914,661,12.7%,577,43.0,31.0,25.0,60.0,17.97%,119,299.0,35666,46040.0,아파트,67.5,20.4
915,760,13.31%,658,35.0,31.0,20.0,98.0,20.02%,152,322.0,45610,62715.0,아파트,97.5,29.5
916,872,13.91%,751,36.0,29.0,35.0,70.0,17.62%,154,427.0,46105,61292.0,아파트,97.5,29.5
917,1130,15.3%,957,51.0,29.0,23.0,42.0,13.78%,156,656.0,46701,107143.0,아파트,97.5,29.5
918,657,12.67%,574,41.0,23.0,7.0,69.0,15.65%,103,331.0,30844,31186.0,아파트,67.5,20.4
919,859,13.84%,740,43.0,33.0,36.0,92.0,15.64%,134,402.0,40283,46852.0,아파트,97.5,29.5
920,761,13.32%,660,54.0,30.0,35.0,48.0,15.76%,120,373.0,35983,66498.0,아파트,82.5,25.0
921,751,13.26%,652,44.0,28.0,35.0,67.0,15.05%,113,365.0,33904,31843.0,아파트,67.5,20.4
922,835,13.73%,721,32.0,37.0,25.0,83.0,21.21%,177,367.0,53136,46589.0,아파트,97.5,29.5
923,736,13.17%,639,57.0,21.0,23.0,75.0,13.69%,101,362.0,30241,48789.0,아파트,82.5,25.0
924,699,12.94%,608,56.0,23.0,36.0,89.0,16.68%,117,287.0,34959,51388.0,아파트,82.5,25.0
925,1147,15.4%,971,45.0,26.0,34.0,67.0,18.89%,217,582.0,65034,85570.0,아파트,130.0,39.3
926,413,11.32%,367,32.0,26.0,35.0,64.0,15.93%,66,144.0,19757,30832.0,아파트,52.5,15.9
927,55,10.0%,50,49.0,22.0,6.0,16.0,0.0%,0,0.0,0,0.0,해당없음,0.0,0.0
928,1030,14.75%,878,49.0,24.0,48.0,68.0,13.38%,138,551.0,41360,69805.0,아파트,82.5,25.0
929,1240,15.91%,1043,44.0,22.0,12.0,75.0,20.76%,257,633.0,77229,149985.0,아파트,150.0,45.4
930,752,13.26%,653,41.0,27.0,32.0,76.0,20.57%,155,322.0,46423,64192.0,아파트,97.5,29.5
931,1381,16.69%,1151,48.0,25.0,32.0,47.0,11.76%,162,837.0,48734,53503.0,아파트,130.0,39.3
932,1205,15.72%,1016,50.0,23.0,21.0,101.0,15.35%,185,636.0,55480,119876.0,아파트,130.0,39.3
933,776,13.41%,672,33.0,37.0,18.0,67.0,14.24%,111,406.0,33166,30678.0,아파트,67.5,20.4
934,988,14.49%,845,38.0,28.0,21.0,84.0,16.87%,167,507.0,49997,84401.0,아파트,97.5,29.5
935,566,12.13%,497,51.0,29.0,44.0,88.0,10.83%,61,224.0,18379,21405.0,아파트,52.5,15.9
936,757,13.29%,656,41.0,34.0,20.0,51.0,22.06%,167,343.0,50093,79915.0,아파트,97.5,29.5
937,992,14.51%,848,39.0,20.0,15.0,63.0,18.65%,185,526.0,55488,132534.0,아파트,130.0,39.3
938,796,13.53%,688,49.0,33.0,35.0,69.0,12.35%,98,404.0,29475,39345.0,아파트,67.5,20.4
939,766,13.34%,663,44.0,30.0,26.0,67.0,13.31%,102,394.0,30575,47737.0,아파트,67.5,20.4
940,558,12.09%,490,36.0,32.0,31.0,84.0,20.0%,112,195.0,33466,42276.0,아파트,67.5,20.4
941,784,13.45%,678,55.0,29.0,44.0,75.0,17.55%,138,337.0,41272,61272.0,아파트,97.5,29.5
942,658,12.68%,575,55.0,31.0,27.0,72.0,17.0%,112,278.0,33575,35321.0,아파트,82.5,25.0
943,808,13.59%,698,59.0,28.0,44.0,80.0,13.28%,107,380.0,32163,61285.0,아파트,82.5,25.0
944,1081,15.03%,918,48.0,24.0,24.0,75.0,13.98%,151,596.0,45347,68591.0,아파트,97.5,29.5
945,50,10.0%,45,44.0,22.0,51.0,89.0,0.0%,0,0.0,0,0.0,해당없음,0.0,0.0
946,506,11.83%,447,40.0,27.0,32.0,77.0,23.54%,119,152.0,35766,46130.0,아파트,67.5,20.4
947,1068,14.96%,908,46.0,27.0,16.0,87.0,21.31%,228,504.0,68294,85446.0,아파트,130.0,39.3
948,953,14.32%,817,46.0,25.0,36.0,111.0,13.3%,127,472.0,38023,39510.0,아파트,82.5,25.0
949,743,13.21%,645,50.0,24.0,23.0,83.0,12.5%,93,372.0,27862,48476.0,아파트,67.5,20.4
950,1106,15.17%,938,42.0,29.0,23.0,56.0,19.14%,212,576.0,63521,102396.0,아파트,130.0,39.3
951,895,14.02%,769,35.0,33.0,20.0,90.0,22.2%,199,392.0,59594,76674.0,아파트,130.0,39.3
952,485,11.72%,428,50.0,30.0,32.0,40.0,21.26%,103,173.0,30948,30147.0,아파트,67.5,20.4
953,883,13.96%,760,39.0,28.0,34.0,89.0,12.74%,112,458.0,33734,59678.0,아파트,82.5,25.0
954,821,13.66%,709,35.0,30.0,30.0,29.0,16.07%,132,453.0,39597,40610.0,아파트,82.5,25.0
955,1022,14.7%,872,52.0,32.0,16.0,7.0,21.36%,218,547.0,65504,62036.0,아파트,130.0,39.3
956,890,14.0%,766,43.0,22.0,21.0,134.0,14.83%,132,414.0,39616,65956.0,아파트,97.5,29.5
957,738,13.18%,640,52.0,25.0,8.0,67.0,19.33%,143,345.0,42775,59088.0,아파트,82.5,25.0
958,748,13.24%,649,47.0,29.0,26.0,65.0,15.29%,114,368.0,34307,35785.0,아파트,82.5,25.0
959,487,11.73%,430,41.0,22.0,9.0,99.0,16.65%,81,178.0,24316,46464.0,아파트,52.5,15.9
960,950,14.3%,814,40.0,21.0,21.0,62.0,16.08%,153,517.0,45828,74083.0,아파트,97.5,29.5
961,400,11.25%,355,40.0,31.0,43.0,68.0,12.82%,51,122.0,15383,31082.0,아파트,37.5,11.3
962,1015,14.67%,866,32.0,30.0,22.0,83.0,18.65%,189,510.0,56811,57122.0,아파트,130.0,39.3
963,753,13.27%,653,60.0,25.0,38.0,62.0,15.06%,113,355.0,34006,56018.0,아파트,67.5,20.4
964,776,13.41%,672,43.0,24.0,26.0,74.0,9.98%,77,428.0,23233,37902.0,아파트,67.5,20.4
965,881,13.95%,758,49.0,32.0,36.0,47.0,20.7%,182,412.0,54690,53467.0,아파트,130.0,39.3
966,1045,14.83%,890,41.0,29.0,30.0,37.0,17.0%,178,575.0,53282,89764.0,아파트,97.5,29.5
967,842,13.76%,726,43.0,27.0,36.0,53.0,19.98%,168,399.0,50467,85042.0,아파트,97.5,29.5
968,607,12.34%,532,45.0,28.0,29.0,96.0,17.97%,109,225.0,32706,31767.0,아파트,67.5,20.4
969,956,14.33%,819,38.0,24.0,24.0,82.0,13.78%,132,519.0,39539,64528.0,아파트,82.5,25.0
970,131,10.0%,118,52.0,31.0,32.0,110.0,0.0%,0,0.0,0,0.0,해당없음,0.0,0.0
971,1431,16.96%,1188,57.0,29.0,34.0,72.0,15.32%,219,777.0,65740,103664.0,아파트,130.0,39.3
972,693,12.9%,604,35.0,31.0,16.0,80.0,13.8%,96,346.0,28692,52649.0,아파트,67.5,20.4
973,377,11.11%,335,49.0,29.0,33.0,66.0,16.21%,61,97.0,18317,16761.0,아파트,37.5,11.3
974,1622,18.02%,1330,44.0,23.0,25.0,65.0,13.35%,217,956.0,64980,65012.0,아파트,130.0,39.3
975,552,12.06%,486,37.0,31.0,21.0,91.0,15.74%,87,219.0,26064,42353.0,아파트,67.5,20.4
976,1077,15.01%,916,51.0,23.0,36.0,96.0,17.77%,191,519.0,57423,136114.0,아파트,150.0,45.4
977,693,12.91%,604,39.0,35.0,27.0,85.0,14.84%,103,315.0,30876,46301.0,아파트,67.5,20.4
978,602,12.32%,528,38.0,27.0,27.0,43.0,19.13%,115,278.0,34572,45670.0,아파트,67.5,20.4
979,815,13.62%,704,31.0,27.0,37.0,85.0,14.57%,119,405.0,35617,33622.0,아파트,82.5,25.0
980,715,13.04%,622,35.0,23.0,26.0,92.0,16.05%,115,331.0,34417,54506.0,아파트,67.5,20.4
981,1060,14.92%,902,44.0,20.0,32.0,48.0,16.64%,176,582.0,52930,75243.0,아파트,97.5,29.5
982,682,12.83%,594,51.0,28.0,32.0,44.0,14.92%,102,337.0,30512,53215.0,아파트,67.5,20.4
983,873,13.91%,751,47.0,25.0,43.0,89.0,10.96%,96,451.0,28702,66113.0,아파트,67.5,20.4
984,1253,15.98%,1053,52.0,34.0,36.0,91.0,12.03%,151,689.0,45206,47539.0,아파트,97.5,29.5
985,686,12.86%,598,37.0,34.0,17.0,83.0,16.03%,110,317.0,33010,48063.0,아파트,82.5,25.0
986,1104,15.16%,937,33.0,33.0,40.0,64.0,17.17%,190,577.0,56885,133529.0,아파트,130.0,39.3
987,960,14.35%,822,42.0,31.0,32.0,47.0,15.31%,147,523.0,44062,47884.0,아파트,97.5,29.5
988,971,14.41%,831,46.0,26.0,24.0,117.0,14.33%,139,479.0,41754,69624.0,아파트,82.5,25.0
989,1090,15.08%,925,41.0,25.0,26.0,96.0,14.71%,160,577.0,48075,77215.0,아파트,97.5,29.5
990,880,13.95%,758,50.0,37.0,33.0,76.0,17.43%,153,409.0,46037,69084.0,아파트,82.5,25.0
991,454,11.55%,402,36.0,37.0,26.0,83.0,20.11%,91,129.0,27392,34823.0,아파트,67.5,20.4
992,734,13.15%,638,42.0,30.0,29.0,59.0,15.84%,116,362.0,34885,47885.0,아파트,67.5,20.4
993,756,13.28%,655,39.0,34.0,24.0,106.0,9.98%,75,377.0,22630,39688.0,아파트,67.5,20.4
994,1217,15.78%,1025,45.0,26.0,8.0,55.0,19.12%,233,658.0,69829,67214.0,아파트,150.0,45.4
995,458,11.57%,405,47.0,28.0,29.0,28.0,16.18%,74,199.0,22234,35239.0,아파트,52.5,15.9
996,504,11.82%,445,45.0,26.0,30.0,79.0,14.09%,71,194.0,21307,34163.0,아파트,67.5,20.4
997,1245,15.94%,1047,49.0,27.0,33.0,110.0,18.04%,225,603.0,67403,98834.0,아파트,150.0,45.4
998,268,10.52%,240,39.0,28.0,36.0,69.0,16.14%,43,25.0,12987,16911.0,아파트,37.5,11.3
999,805,13.57%,695,43.0,32.0,36.0,52.0,17.4%,140,392.0,41992,89970.0,아파트,97.5,29.5
